/*
Navicat MySQL Data Transfer

Source Server         : localhost_3306
Source Server Version : 80024
Source Host           : localhost:3306
Source Database       : webservice

Target Server Type    : MYSQL
Target Server Version : 80024
File Encoding         : 65001

Date: 2021-12-26 02:01:38
*/

SET FOREIGN_KEY_CHECKS=0;

-- ----------------------------
-- Table structure for announcement
-- ----------------------------
DROP TABLE IF EXISTS `announcement`;
CREATE TABLE `announcement` (
  `id` int NOT NULL AUTO_INCREMENT,
  `title` varchar(255) CHARACTER SET utf8mb4 COLLATE utf8mb4_unicode_ci NOT NULL COMMENT '标题',
  `content` varchar(255) CHARACTER SET utf8mb4 COLLATE utf8mb4_unicode_ci NOT NULL COMMENT '内容',
  `comment` varchar(255) CHARACTER SET utf8mb4 COLLATE utf8mb4_unicode_ci DEFAULT NULL COMMENT '注释',
  `apply_id` int NOT NULL COMMENT '上传人id',
  `check_id` int DEFAULT NULL COMMENT '审核人id',
  `apply_date` datetime NOT NULL COMMENT '上传日期',
  `publish_date` datetime DEFAULT NULL COMMENT '发布日期',
  `state` int NOT NULL,
  PRIMARY KEY (`id`),
  KEY `ann_fk_apply_id` (`apply_id`),
  KEY `ann_fk_check_id` (`check_id`),
  CONSTRAINT `ann_fk_apply_id` FOREIGN KEY (`apply_id`) REFERENCES `user` (`id`),
  CONSTRAINT `ann_fk_check_id` FOREIGN KEY (`check_id`) REFERENCES `user` (`id`)
) ENGINE=InnoDB AUTO_INCREMENT=57 DEFAULT CHARSET=utf8mb4 COLLATE=utf8mb4_unicode_ci;

-- ----------------------------
-- Records of announcement
-- ----------------------------
INSERT INTO `announcement` VALUES ('1', '武汉大学你猜猜停不停水', '内容', '待发布', '1', '2', '2020-01-06 16:00:00', '2020-01-06 16:00:00', '2');
INSERT INTO `announcement` VALUES ('2', '武汉大学停电通知', '内容', '待发布', '1', null, '2020-01-06 16:00:00', null, '1');
INSERT INTO `announcement` VALUES ('4', '关于节假日安排通知', '关于寒假放假安排', '已发布', '142', '174', '2019-11-04 06:37:51', '2021-09-19 02:38:35', '1');
INSERT INTO `announcement` VALUES ('5', '珞珈讲坛通知', '珞珈讲坛通知', '待发布', '120', null, '2021-11-17 10:10:09', null, '0');
INSERT INTO `announcement` VALUES ('6', '关于工作总结通知', '关于第一学期工作总结', '待发布', '133', null, '2018-05-11 01:04:28', null, '0');
INSERT INTO `announcement` VALUES ('7', '关于交通通知', '关于道路维修建设安排', '已发布', '95', '245', '2018-05-19 03:11:10', '2021-08-29 03:39:14', '1');
INSERT INTO `announcement` VALUES ('8', '关于工作总结通知', '关于第二学期工作总结', '已发布', '136', '181', '2020-10-04 00:14:44', '2020-12-10 04:44:40', '1');
INSERT INTO `announcement` VALUES ('9', '关于武汉大学用水用电通知', '夏季安全用水通知', '待发布', '151', null, '2019-03-01 23:48:50', null, '0');
INSERT INTO `announcement` VALUES ('10', '关于交通通知', '关于道路维修建设安排', '待发布', '124', null, '2018-06-27 08:06:29', null, '0');
INSERT INTO `announcement` VALUES ('11', '珞珈讲坛通知', '珞珈讲坛通知', '已发布', '152', '184', '2020-10-05 22:00:57', '2021-04-03 23:05:56', '1');
INSERT INTO `announcement` VALUES ('12', '关于节假日安排通知', '关于暑假放假安排', '待发布', '105', null, '2019-01-29 06:57:19', null, '0');
INSERT INTO `announcement` VALUES ('13', '关于节假日安排通知', '关于中秋放假安排', '已发布', '151', '237', '2021-08-21 00:24:43', '2021-12-19 05:42:34', '1');
INSERT INTO `announcement` VALUES ('14', '关于节假日安排通知', '关于中秋放假安排', '待发布', '136', null, '2018-07-14 03:35:29', null, '0');
INSERT INTO `announcement` VALUES ('15', '关于交通通知', '关于道路维修建设安排', '已发布', '128', '244', '2018-01-26 04:22:45', '2021-12-10 19:57:37', '1');
INSERT INTO `announcement` VALUES ('16', '关于交通通知', '关于大循环安排', '待发布', '92', null, '2019-09-19 02:24:43', null, '0');
INSERT INTO `announcement` VALUES ('17', '珞珈讲坛通知', '珞珈讲坛通知', '已发布', '115', '174', '2021-08-04 13:30:31', '2021-09-18 11:49:32', '1');
INSERT INTO `announcement` VALUES ('18', '珞珈讲坛通知', '珞珈讲坛通知', '待发布', '121', null, '2021-07-13 03:18:42', null, '0');
INSERT INTO `announcement` VALUES ('19', '关于武汉大学用水用电通知', '冬季安全用水通知', '已发布', '137', '217', '2020-03-20 12:23:31', '2020-11-15 14:23:11', '1');
INSERT INTO `announcement` VALUES ('20', '关于交通通知', '关于大循环安排', '已发布', '109', '183', '2019-12-08 08:29:54', '2021-03-13 23:38:23', '1');
INSERT INTO `announcement` VALUES ('21', '关于武汉大学用水用电通知', '夏季安全用水通知', '已发布', '163', '175', '2019-01-10 01:28:52', '2021-01-21 06:03:57', '1');
INSERT INTO `announcement` VALUES ('22', '关于武汉大学用水用电通知', '夏季安全用水通知', '待发布', '141', null, '2021-05-12 10:34:54', null, '0');
INSERT INTO `announcement` VALUES ('23', '珞珈讲坛通知', '珞珈讲坛通知', '待发布', '114', null, '2019-01-11 23:51:53', null, '0');
INSERT INTO `announcement` VALUES ('24', '关于工作总结通知', '关于第三学期工作总结', '待发布', '126', null, '2021-12-12 21:26:12', null, '0');
INSERT INTO `announcement` VALUES ('25', '关于工作总结通知', '关于第二学期工作总结', '待发布', '138', null, '2021-02-06 12:25:41', null, '0');
INSERT INTO `announcement` VALUES ('26', '关于交通通知', '关于道路维修建设安排', '已发布', '129', '169', '2018-12-13 23:06:24', '2021-07-13 21:00:59', '1');
INSERT INTO `announcement` VALUES ('27', '珞珈讲坛通知', '珞珈讲坛通知', '已发布', '145', '224', '2021-12-15 05:25:28', '2021-12-16 07:12:29', '1');
INSERT INTO `announcement` VALUES ('28', '珞珈讲坛通知', '珞珈讲坛通知', '待发布', '110', null, '2020-11-29 20:15:50', null, '0');
INSERT INTO `announcement` VALUES ('29', '关于武汉大学用水用电通知', '夏季安全用电通知', '已发布', '147', '231', '2020-07-03 23:15:09', '2020-09-26 06:02:25', '1');
INSERT INTO `announcement` VALUES ('30', '珞珈讲坛通知', '珞珈讲坛通知', '已发布', '95', '174', '2018-05-28 00:26:56', '2019-12-13 14:58:44', '1');
INSERT INTO `announcement` VALUES ('31', '关于武汉大学用水用电通知', '春季安全用水通知', '已发布', '133', '204', '2018-07-16 10:25:36', '2020-03-21 14:02:33', '1');
INSERT INTO `announcement` VALUES ('32', '关于节假日安排通知', '关于中秋放假安排', '待发布', '100', null, '2019-05-03 01:37:27', null, '0');
INSERT INTO `announcement` VALUES ('33', '关于武汉大学用水用电通知', '秋季安全用电通知', '已发布', '152', '220', '2021-07-23 10:19:59', '2021-12-11 19:33:23', '1');
INSERT INTO `announcement` VALUES ('34', '关于工作总结通知', '关于第一学期工作总结', '已发布', '125', '204', '2018-07-02 23:01:07', '2018-08-13 10:54:11', '1');
INSERT INTO `announcement` VALUES ('35', '关于武汉大学用水用电通知', '春季安全用电通知', '已发布', '158', '209', '2021-01-12 00:45:31', '2021-01-30 17:12:55', '1');
INSERT INTO `announcement` VALUES ('36', '关于节假日安排通知', '关于国庆放假安排', '已发布', '104', '237', '2021-02-22 21:03:27', '2021-12-28 17:39:36', '1');
INSERT INTO `announcement` VALUES ('37', '珞珈讲坛通知', '珞珈讲坛通知', '待发布', '128', null, '2021-02-25 13:15:27', null, '0');
INSERT INTO `announcement` VALUES ('38', '关于节假日安排通知', '关于暑假放假安排', '已发布', '120', '218', '2021-01-03 07:06:04', '2021-08-07 02:46:13', '1');
INSERT INTO `announcement` VALUES ('39', '关于交通通知', '关于大循环安排', '已发布', '89', '202', '2020-04-06 17:24:41', '2021-04-23 00:13:26', '1');
INSERT INTO `announcement` VALUES ('40', '关于工作总结通知', '关于第二学期工作总结', '已发布', '107', '196', '2019-07-03 16:08:43', '2021-06-05 03:11:41', '1');
INSERT INTO `announcement` VALUES ('41', '珞珈讲坛通知', '珞珈讲坛通知', '已发布', '125', '211', '2021-05-23 23:46:32', '2021-08-13 02:28:55', '1');
INSERT INTO `announcement` VALUES ('42', '关于交通通知', '关于交通管制安排', '待发布', '120', null, '2021-06-26 11:08:48', null, '0');
INSERT INTO `announcement` VALUES ('43', '关于交通通知', '关于大循环安排', '待发布', '95', null, '2021-09-25 03:24:38', null, '0');
INSERT INTO `announcement` VALUES ('44', '珞珈讲坛通知', '珞珈讲坛通知', '已发布', '156', '178', '2021-02-03 09:38:07', '2021-12-22 01:29:48', '1');
INSERT INTO `announcement` VALUES ('45', '关于节假日安排通知', '关于中秋放假安排', '已发布', '154', '245', '2019-04-03 06:50:17', '2020-11-30 00:38:26', '1');
INSERT INTO `announcement` VALUES ('46', '关于节假日安排通知', '关于中秋放假安排', '已发布', '125', '217', '2019-03-11 21:05:44', '2020-08-06 07:10:08', '1');
INSERT INTO `announcement` VALUES ('47', '关于节假日安排通知', '关于暑假放假安排', '已发布', '125', '231', '2021-09-17 09:54:49', '2021-11-10 12:10:58', '1');
INSERT INTO `announcement` VALUES ('48', '关于交通通知', '关于道路维修建设安排', '已发布', '108', '204', '2018-07-10 07:21:43', '2020-07-09 01:26:34', '1');
INSERT INTO `announcement` VALUES ('49', '关于工作总结通知', '关于第三学期工作总结', '已发布', '121', '203', '2018-02-07 11:01:06', '2019-04-16 09:43:28', '1');
INSERT INTO `announcement` VALUES ('50', '关于节假日安排通知', '关于暑假放假安排', '已发布', '147', '190', '2018-02-09 05:14:47', '2018-04-14 09:16:28', '1');
INSERT INTO `announcement` VALUES ('51', '关于节假日安排通知', '关于中秋放假安排', '待发布', '111', null, '2018-12-13 01:57:18', null, '0');
INSERT INTO `announcement` VALUES ('52', '关于工作总结通知', '关于第三学期工作总结', '待发布', '109', null, '2019-09-03 14:43:01', null, '0');
INSERT INTO `announcement` VALUES ('53', '关于工作总结通知', '关于第二学期工作总结', '已发布', '141', '234', '2020-12-20 20:14:26', '2021-12-19 12:46:29', '1');
INSERT INTO `announcement` VALUES ('54', '关于武汉大学用水用电通知', '冬季季安全用电通知', '待发布', '119', null, '2018-01-24 18:25:58', null, '0');
INSERT INTO `announcement` VALUES ('55', '珞珈讲坛通知', '珞珈讲坛通知', '待发布', '147', null, '2021-07-30 23:45:10', null, '0');
INSERT INTO `announcement` VALUES ('56', '关于交通通知', '关于交通管制安排', '已发布', '100', '213', '2018-10-15 04:34:44', '2019-05-11 07:28:30', '1');

-- ----------------------------
-- Table structure for lost_and_found
-- ----------------------------
DROP TABLE IF EXISTS `lost_and_found`;
CREATE TABLE `lost_and_found` (
  `id` int NOT NULL AUTO_INCREMENT,
  `apply_id` int NOT NULL COMMENT '申报人的id',
  `finish_id` int DEFAULT NULL COMMENT '找到人的id或者领物品的人的id',
  `title` varchar(255) CHARACTER SET utf8mb4 COLLATE utf8mb4_unicode_ci DEFAULT NULL COMMENT '标题',
  `content` varchar(255) CHARACTER SET utf8mb4 COLLATE utf8mb4_unicode_ci DEFAULT NULL COMMENT '问题描述',
  `latitude` double DEFAULT NULL COMMENT '纬度（可以不定位）',
  `longitude` double DEFAULT NULL COMMENT '经度',
  `place` varchar(255) CHARACTER SET utf8mb4 COLLATE utf8mb4_unicode_ci NOT NULL COMMENT '申报地点',
  `apply_date` datetime NOT NULL,
  `finish_date` datetime DEFAULT NULL,
  `state` int NOT NULL COMMENT '完成状态',
  `type` int NOT NULL,
  PRIMARY KEY (`id`),
  KEY `fk_apply_id` (`apply_id`),
  KEY `lost_fk_finish_id` (`finish_id`),
  CONSTRAINT `lost_fk_apply_id` FOREIGN KEY (`apply_id`) REFERENCES `user` (`id`) ON DELETE RESTRICT ON UPDATE RESTRICT,
  CONSTRAINT `lost_fk_finish_id` FOREIGN KEY (`finish_id`) REFERENCES `user` (`id`)
) ENGINE=InnoDB AUTO_INCREMENT=239 DEFAULT CHARSET=utf8mb4 COLLATE=utf8mb4_unicode_ci;

-- ----------------------------
-- Records of lost_and_found
-- ----------------------------
INSERT INTO `lost_and_found` VALUES ('2', '1', '2', '这是一个测试的失物招领事件', '可选的内容', '0', '0', '某个地点', '2020-01-07 13:21:55', '2020-01-07 14:00:55', '1', '0');
INSERT INTO `lost_and_found` VALUES ('3', '1', null, '这是一个测试的发布丢失物品事件', '可选的内容', '0', '0', '某个地点', '2020-01-07 13:21:55', null, '0', '1');
INSERT INTO `lost_and_found` VALUES ('4', '1', null, '这是一个测试的失物招领事件', '可选的内容', '0', '0', '某个地点', '2020-01-07 13:21:55', null, '0', '1');
INSERT INTO `lost_and_found` VALUES ('5', '1', '2', '失物招领', null, '114.371444', '30.544632', '信息学部', '2021-12-25 17:46:15', '2021-12-25 17:46:21', '1', '0');
INSERT INTO `lost_and_found` VALUES ('7', '112', null, '丢失', '书本', '30.526804', '114.359523', '武汉大学医学部', '2021-11-20 00:29:23', null, '0', '0');
INSERT INTO `lost_and_found` VALUES ('8', '144', '231', '捡到', '书本', '30.521521', '114.365884', '武汉大学文理学部', '2021-04-20 06:17:26', '2021-06-10 05:08:22', '0', '0');
INSERT INTO `lost_and_found` VALUES ('9', '163', null, '丢失', '其他', '30.521081', '114.362263', '武汉大学文理学部', '2021-10-31 09:29:46', null, '0', '0');
INSERT INTO `lost_and_found` VALUES ('10', '132', '173', '捡到', '钥匙', '30.524458', '114.367642', '武汉大学文理学部', '2019-10-18 11:14:11', '2020-03-15 19:05:20', '1', '1');
INSERT INTO `lost_and_found` VALUES ('11', '132', null, '丢失', '钥匙', '30.525985', '114.367574', '武汉大学工学部', '2018-07-09 00:00:59', null, '0', '0');
INSERT INTO `lost_and_found` VALUES ('12', '165', '197', '捡到', '其他', '30.523965', '114.367099', '武汉大学文理学部', '2020-06-11 07:52:47', '2020-11-26 11:17:03', '1', '1');
INSERT INTO `lost_and_found` VALUES ('13', '132', null, '丢失', '其他', '30.522153', '114.367005', '武汉大学文理学部', '2021-12-27 23:41:52', null, '0', '0');
INSERT INTO `lost_and_found` VALUES ('14', '150', '227', '捡到', '其他', '30.524734', '114.36631', '武汉大学信息学部', '2020-11-03 11:56:50', '2020-11-16 22:57:04', '1', '1');
INSERT INTO `lost_and_found` VALUES ('15', '99', null, '丢失', '一卡通', '30.525958', '114.367923', '武汉大学医学部', '2019-05-09 08:39:45', null, '0', '0');
INSERT INTO `lost_and_found` VALUES ('16', '163', '210', '捡到', '手机', '30.527568', '114.362702', '武汉大学信息学部', '2018-05-27 12:03:21', '2020-10-15 07:39:07', '1', '1');
INSERT INTO `lost_and_found` VALUES ('17', '122', null, '丢失', '钥匙', '30.525459', '114.35979', '武汉大学信息学部', '2018-09-30 20:56:41', null, '0', '0');
INSERT INTO `lost_and_found` VALUES ('18', '167', '236', '捡到', '其他', '30.522288', '114.364504', '武汉大学信息学部', '2019-04-29 10:11:55', '2019-11-21 05:48:31', '1', '1');
INSERT INTO `lost_and_found` VALUES ('19', '150', null, '丢失', '书本', '30.521051', '114.367564', '武汉大学信息学部', '2018-03-13 15:54:40', null, '0', '0');
INSERT INTO `lost_and_found` VALUES ('20', '152', '191', '捡到', '一卡通', '30.528069', '114.363723', '武汉大学工学部', '2019-10-30 14:15:33', '2021-09-02 06:24:48', '1', '1');
INSERT INTO `lost_and_found` VALUES ('21', '161', null, '丢失', '钱包', '30.524481', '114.361241', '武汉大学工学部', '2021-01-23 11:27:17', null, '0', '0');
INSERT INTO `lost_and_found` VALUES ('22', '139', '224', '捡到', '钥匙', '30.525275', '114.36045', '武汉大学信息学部', '2020-09-13 06:32:37', '2020-10-25 12:28:02', '1', '1');
INSERT INTO `lost_and_found` VALUES ('23', '149', null, '丢失', '钥匙', '30.527504', '114.363098', '武汉大学文理学部', '2018-09-08 16:38:03', null, '0', '0');
INSERT INTO `lost_and_found` VALUES ('24', '91', '230', '捡到', '其他', '30.523095', '114.361253', '武汉大学文理学部', '2021-01-04 21:15:24', '2021-07-13 23:17:45', '1', '1');
INSERT INTO `lost_and_found` VALUES ('25', '108', null, '丢失', '钥匙', '30.523527', '114.36511', '武汉大学医学部', '2018-12-12 09:36:21', null, '0', '0');
INSERT INTO `lost_and_found` VALUES ('26', '159', '195', '捡到', '一卡通', '30.52691', '114.366364', '武汉大学信息学部', '2021-12-24 12:22:39', '2021-12-26 18:04:50', '1', '1');
INSERT INTO `lost_and_found` VALUES ('27', '95', null, '丢失', '一卡通', '30.523966', '114.364587', '武汉大学医学部', '2019-02-24 21:36:59', null, '0', '0');
INSERT INTO `lost_and_found` VALUES ('28', '103', '171', '捡到', '一卡通', '30.525054', '114.361162', '武汉大学文理学部', '2018-03-31 11:05:48', '2021-03-03 10:32:07', '1', '1');
INSERT INTO `lost_and_found` VALUES ('29', '144', null, '丢失', '其他', '30.52211', '114.365269', '武汉大学文理学部', '2018-02-04 05:29:47', null, '0', '0');
INSERT INTO `lost_and_found` VALUES ('30', '134', '217', '捡到', '书本', '30.522549', '114.361134', '武汉大学工学部', '2019-08-15 05:49:55', '2021-06-20 04:32:48', '1', '1');
INSERT INTO `lost_and_found` VALUES ('31', '124', null, '丢失', '钥匙', '30.524864', '114.35995', '武汉大学工学部', '2021-02-24 19:48:36', null, '0', '0');
INSERT INTO `lost_and_found` VALUES ('32', '90', '192', '捡到', '钥匙', '30.527398', '114.364822', '武汉大学工学部', '2019-04-29 22:38:24', '2019-10-27 09:51:15', '1', '1');
INSERT INTO `lost_and_found` VALUES ('33', '109', null, '丢失', '一卡通', '30.526577', '114.359833', '武汉大学信息学部', '2020-09-03 03:22:08', null, '0', '0');
INSERT INTO `lost_and_found` VALUES ('34', '126', '208', '捡到', '一卡通', '30.520787', '114.366064', '武汉大学信息学部', '2018-05-26 13:56:46', '2020-06-04 20:42:29', '1', '1');
INSERT INTO `lost_and_found` VALUES ('35', '99', null, '丢失', '钱包', '30.526979', '114.359701', '武汉大学医学部', '2020-02-26 11:24:32', null, '0', '0');
INSERT INTO `lost_and_found` VALUES ('36', '96', '234', '捡到', '钱包', '30.523594', '114.361192', '武汉大学文理学部', '2019-06-02 22:25:42', '2019-12-06 19:41:29', '1', '1');
INSERT INTO `lost_and_found` VALUES ('37', '154', null, '丢失', '书本', '30.52678', '114.365515', '武汉大学医学部', '2018-08-10 01:19:31', null, '0', '0');
INSERT INTO `lost_and_found` VALUES ('38', '139', '244', '捡到', '一卡通', '30.52701', '114.364812', '武汉大学文理学部', '2020-07-17 21:06:18', '2020-08-20 05:40:09', '1', '1');
INSERT INTO `lost_and_found` VALUES ('39', '162', null, '丢失', '手机', '30.524242', '114.369659', '武汉大学文理学部', '2019-11-26 22:09:31', null, '0', '0');
INSERT INTO `lost_and_found` VALUES ('40', '142', '220', '捡到', '一卡通', '30.526751', '114.362618', '武汉大学医学部', '2018-07-12 08:31:10', '2021-03-06 20:22:55', '1', '1');
INSERT INTO `lost_and_found` VALUES ('41', '97', null, '丢失', '其他', '30.523679', '114.367388', '武汉大学信息学部', '2019-02-16 06:57:00', null, '0', '0');
INSERT INTO `lost_and_found` VALUES ('42', '166', '238', '捡到', '手机', '30.528483', '114.36598', '武汉大学文理学部', '2021-04-20 19:21:41', '2021-06-09 01:26:17', '1', '1');
INSERT INTO `lost_and_found` VALUES ('43', '101', null, '丢失', '书本', '30.523289', '114.369154', '武汉大学医学部', '2020-07-17 11:36:10', null, '0', '0');
INSERT INTO `lost_and_found` VALUES ('44', '92', '216', '捡到', '手机', '30.528239', '114.363897', '武汉大学医学部', '2020-08-17 03:05:25', '2021-09-29 13:16:34', '1', '1');
INSERT INTO `lost_and_found` VALUES ('45', '132', null, '丢失', '钥匙', '30.521228', '114.359905', '武汉大学医学部', '2018-04-14 04:11:57', null, '0', '0');
INSERT INTO `lost_and_found` VALUES ('46', '149', '242', '捡到', '钥匙', '30.52514', '114.359741', '武汉大学文理学部', '2018-07-16 09:00:47', '2020-12-23 11:16:33', '1', '1');
INSERT INTO `lost_and_found` VALUES ('47', '113', null, '丢失', '钥匙', '30.522144', '114.359844', '武汉大学工学部', '2018-08-14 11:19:17', null, '0', '0');
INSERT INTO `lost_and_found` VALUES ('48', '89', '210', '捡到', '书本', '30.520876', '114.361371', '武汉大学工学部', '2018-10-03 19:25:47', '2020-04-12 22:38:14', '1', '1');
INSERT INTO `lost_and_found` VALUES ('49', '159', null, '丢失', '书本', '30.523378', '114.369596', '武汉大学信息学部', '2019-07-29 22:39:22', null, '0', '0');
INSERT INTO `lost_and_found` VALUES ('50', '121', '223', '捡到', '钱包', '30.525135', '114.365904', '武汉大学信息学部', '2020-06-18 05:38:48', '2021-11-15 06:50:27', '1', '1');
INSERT INTO `lost_and_found` VALUES ('51', '106', null, '丢失', '钥匙', '30.52462', '114.360253', '武汉大学信息学部', '2018-01-16 13:30:20', null, '0', '0');
INSERT INTO `lost_and_found` VALUES ('52', '149', '221', '捡到', '书本', '30.525798', '114.367831', '武汉大学信息学部', '2019-07-17 21:32:16', '2020-02-27 12:10:04', '1', '1');
INSERT INTO `lost_and_found` VALUES ('53', '93', null, '丢失', '钱包', '30.527275', '114.361152', '武汉大学医学部', '2018-08-16 20:04:11', null, '0', '0');
INSERT INTO `lost_and_found` VALUES ('54', '155', '243', '捡到', '一卡通', '30.522374', '114.36497', '武汉大学工学部', '2021-07-05 14:15:53', '2021-08-17 04:02:41', '1', '1');
INSERT INTO `lost_and_found` VALUES ('55', '93', null, '丢失', '钥匙', '30.523236', '114.366921', '武汉大学工学部', '2021-06-07 13:48:13', null, '0', '0');
INSERT INTO `lost_and_found` VALUES ('56', '135', '187', '捡到', '手机', '30.521332', '114.36082', '武汉大学信息学部', '2019-03-18 03:08:13', '2021-10-12 08:59:22', '1', '1');
INSERT INTO `lost_and_found` VALUES ('57', '112', null, '丢失', '钱包', '30.525325', '114.369678', '武汉大学医学部', '2018-12-06 11:05:48', null, '0', '0');
INSERT INTO `lost_and_found` VALUES ('58', '100', '184', '捡到', '书本', '30.522209', '114.366419', '武汉大学文理学部', '2020-05-30 19:16:08', '2021-07-19 13:19:56', '1', '1');
INSERT INTO `lost_and_found` VALUES ('59', '103', null, '丢失', '一卡通', '30.527452', '114.367486', '武汉大学医学部', '2019-10-13 07:24:01', null, '0', '0');
INSERT INTO `lost_and_found` VALUES ('60', '90', '181', '捡到', '钥匙', '30.527973', '114.364501', '武汉大学医学部', '2021-05-09 08:46:17', '2021-10-22 06:56:07', '1', '1');
INSERT INTO `lost_and_found` VALUES ('61', '135', null, '丢失', '手机', '30.526229', '114.359955', '武汉大学医学部', '2019-07-11 20:30:41', null, '0', '0');
INSERT INTO `lost_and_found` VALUES ('62', '130', '187', '捡到', '其他', '30.528156', '114.361541', '武汉大学工学部', '2021-07-31 04:50:01', '2021-11-05 23:54:20', '1', '1');
INSERT INTO `lost_and_found` VALUES ('63', '140', null, '丢失', '钥匙', '30.52415', '114.363535', '武汉大学医学部', '2021-03-21 19:26:22', null, '0', '0');
INSERT INTO `lost_and_found` VALUES ('64', '125', '237', '捡到', '书本', '30.521125', '114.364857', '武汉大学信息学部', '2020-11-13 04:55:03', '2020-12-21 01:59:25', '1', '1');
INSERT INTO `lost_and_found` VALUES ('65', '112', null, '丢失', '钱包', '30.527818', '114.363825', '武汉大学文理学部', '2020-01-24 10:21:23', null, '0', '0');
INSERT INTO `lost_and_found` VALUES ('66', '157', '203', '捡到', '其他', '30.524027', '114.35998', '武汉大学医学部', '2018-08-11 03:22:37', '2020-11-02 23:07:46', '1', '1');
INSERT INTO `lost_and_found` VALUES ('67', '151', null, '丢失', '钥匙', '30.522512', '114.364679', '武汉大学工学部', '2021-03-07 03:29:18', null, '0', '0');
INSERT INTO `lost_and_found` VALUES ('68', '115', '246', '捡到', '书本', '30.527888', '114.36519', '武汉大学文理学部', '2019-11-12 18:20:33', '2019-11-16 10:52:03', '1', '1');
INSERT INTO `lost_and_found` VALUES ('69', '116', null, '丢失', '钱包', '30.525783', '114.364568', '武汉大学工学部', '2021-12-15 10:45:52', null, '0', '0');
INSERT INTO `lost_and_found` VALUES ('70', '127', '185', '捡到', '一卡通', '30.526555', '114.361843', '武汉大学工学部', '2020-05-13 15:33:35', '2021-04-04 18:19:42', '1', '1');
INSERT INTO `lost_and_found` VALUES ('71', '98', null, '丢失', '其他', '30.522369', '114.369795', '武汉大学信息学部', '2019-06-07 11:25:00', null, '0', '0');
INSERT INTO `lost_and_found` VALUES ('72', '108', '218', '捡到', '其他', '30.525822', '114.365772', '武汉大学工学部', '2019-03-07 15:55:40', '2021-06-10 02:43:20', '1', '1');
INSERT INTO `lost_and_found` VALUES ('73', '144', null, '丢失', '钱包', '30.527251', '114.36719', '武汉大学医学部', '2019-11-02 11:05:02', null, '0', '0');
INSERT INTO `lost_and_found` VALUES ('74', '155', '201', '捡到', '一卡通', '30.522081', '114.365684', '武汉大学医学部', '2018-09-08 04:13:06', '2021-01-15 12:13:23', '1', '1');
INSERT INTO `lost_and_found` VALUES ('75', '161', null, '丢失', '其他', '30.523267', '114.368382', '武汉大学医学部', '2021-02-11 10:12:48', null, '0', '0');
INSERT INTO `lost_and_found` VALUES ('76', '138', '176', '捡到', '其他', '30.527786', '114.359982', '武汉大学工学部', '2020-01-28 10:45:47', '2020-10-23 05:49:33', '1', '1');
INSERT INTO `lost_and_found` VALUES ('77', '98', null, '丢失', '一卡通', '30.525034', '114.360151', '武汉大学信息学部', '2020-10-12 23:59:12', null, '0', '0');
INSERT INTO `lost_and_found` VALUES ('78', '147', '242', '捡到', '钱包', '30.525082', '114.368384', '武汉大学工学部', '2019-04-10 14:05:52', '2020-07-18 12:51:25', '1', '1');
INSERT INTO `lost_and_found` VALUES ('79', '119', null, '丢失', '手机', '30.526595', '114.369358', '武汉大学工学部', '2020-08-07 05:50:37', null, '0', '0');
INSERT INTO `lost_and_found` VALUES ('80', '112', '174', '捡到', '其他', '30.522861', '114.360462', '武汉大学文理学部', '2020-06-07 13:11:21', '2021-03-22 16:20:24', '1', '1');
INSERT INTO `lost_and_found` VALUES ('81', '111', null, '丢失', '手机', '30.528681', '114.359648', '武汉大学文理学部', '2021-09-08 01:21:58', null, '0', '0');
INSERT INTO `lost_and_found` VALUES ('82', '97', '176', '捡到', '钱包', '30.522843', '114.36685', '武汉大学医学部', '2021-04-10 06:43:29', '2021-07-18 10:48:57', '1', '1');
INSERT INTO `lost_and_found` VALUES ('83', '96', null, '丢失', '钥匙', '30.527846', '114.359645', '武汉大学医学部', '2021-12-30 15:37:06', null, '0', '0');
INSERT INTO `lost_and_found` VALUES ('84', '111', '198', '捡到', '手机', '30.521723', '114.361069', '武汉大学信息学部', '2018-12-23 08:47:02', '2019-02-26 13:33:58', '1', '1');
INSERT INTO `lost_and_found` VALUES ('85', '116', null, '丢失', '其他', '30.524774', '114.362275', '武汉大学信息学部', '2021-12-17 06:04:02', null, '0', '0');
INSERT INTO `lost_and_found` VALUES ('86', '145', '216', '捡到', '钱包', '30.525074', '114.365838', '武汉大学文理学部', '2018-06-16 15:39:39', '2020-04-14 06:50:55', '1', '1');
INSERT INTO `lost_and_found` VALUES ('87', '138', null, '丢失', '钥匙', '30.523828', '114.359786', '武汉大学文理学部', '2020-10-28 22:22:50', null, '0', '0');
INSERT INTO `lost_and_found` VALUES ('88', '99', '239', '捡到', '钥匙', '30.521223', '114.364972', '武汉大学医学部', '2019-07-19 11:04:02', '2021-09-06 18:16:11', '1', '1');
INSERT INTO `lost_and_found` VALUES ('89', '148', null, '丢失', '手机', '30.524117', '114.362511', '武汉大学工学部', '2021-07-20 00:53:16', null, '0', '0');
INSERT INTO `lost_and_found` VALUES ('90', '113', '219', '捡到', '钱包', '30.526143', '114.361379', '武汉大学信息学部', '2020-09-16 23:05:48', '2021-05-12 15:44:35', '1', '1');
INSERT INTO `lost_and_found` VALUES ('91', '137', null, '丢失', '书本', '30.527622', '114.361617', '武汉大学信息学部', '2018-01-01 06:36:14', null, '0', '0');
INSERT INTO `lost_and_found` VALUES ('92', '140', '215', '捡到', '其他', '30.527445', '114.368377', '武汉大学工学部', '2018-01-03 00:31:31', '2018-03-05 10:19:23', '1', '1');
INSERT INTO `lost_and_found` VALUES ('93', '142', null, '丢失', '手机', '30.526666', '114.362027', '武汉大学医学部', '2019-02-13 14:58:29', null, '0', '0');
INSERT INTO `lost_and_found` VALUES ('94', '152', '221', '捡到', '手机', '30.523381', '114.364839', '武汉大学文理学部', '2018-05-05 18:11:39', '2019-04-26 03:58:27', '1', '1');
INSERT INTO `lost_and_found` VALUES ('95', '123', null, '丢失', '书本', '30.522179', '114.36808', '武汉大学信息学部', '2019-12-07 06:18:14', null, '0', '0');
INSERT INTO `lost_and_found` VALUES ('96', '167', '181', '捡到', '书本', '30.522508', '114.365531', '武汉大学医学部', '2019-05-29 07:25:41', '2019-07-02 08:43:34', '1', '1');
INSERT INTO `lost_and_found` VALUES ('97', '152', null, '丢失', '钱包', '30.521639', '114.360693', '武汉大学文理学部', '2019-01-21 04:14:22', null, '0', '0');
INSERT INTO `lost_and_found` VALUES ('98', '116', '221', '捡到', '其他', '30.524599', '114.366099', '武汉大学文理学部', '2020-08-15 12:47:38', '2020-10-08 06:15:24', '1', '1');
INSERT INTO `lost_and_found` VALUES ('99', '154', null, '丢失', '钥匙', '30.523409', '114.367311', '武汉大学工学部', '2021-08-07 22:29:56', null, '0', '0');
INSERT INTO `lost_and_found` VALUES ('100', '100', '213', '捡到', '手机', '30.525213', '114.363121', '武汉大学文理学部', '2019-06-12 10:14:04', '2019-07-12 14:06:38', '1', '1');
INSERT INTO `lost_and_found` VALUES ('101', '133', null, '丢失', '钱包', '30.521057', '114.362312', '武汉大学信息学部', '2019-04-16 05:27:34', null, '0', '0');
INSERT INTO `lost_and_found` VALUES ('102', '151', '226', '捡到', '手机', '30.528215', '114.359792', '武汉大学信息学部', '2021-12-18 16:48:18', '2021-12-27 02:07:48', '1', '1');
INSERT INTO `lost_and_found` VALUES ('103', '144', null, '丢失', '一卡通', '30.523871', '114.368447', '武汉大学医学部', '2021-10-14 16:11:52', null, '0', '0');
INSERT INTO `lost_and_found` VALUES ('104', '129', '196', '捡到', '手机', '30.528521', '114.359951', '武汉大学医学部', '2018-03-02 05:07:27', '2021-08-25 03:44:48', '1', '1');
INSERT INTO `lost_and_found` VALUES ('105', '89', null, '丢失', '书本', '30.528248', '114.367988', '武汉大学医学部', '2021-06-28 19:39:09', null, '0', '0');
INSERT INTO `lost_and_found` VALUES ('106', '148', '230', '捡到', '书本', '30.523709', '114.369548', '武汉大学医学部', '2018-08-30 03:50:33', '2021-09-30 18:24:47', '1', '1');
INSERT INTO `lost_and_found` VALUES ('107', '136', null, '丢失', '手机', '30.526238', '114.365768', '武汉大学信息学部', '2020-04-18 06:59:35', null, '0', '0');
INSERT INTO `lost_and_found` VALUES ('108', '91', '192', '捡到', '一卡通', '30.527486', '114.360161', '武汉大学信息学部', '2019-02-16 12:33:06', '2019-10-23 12:26:38', '1', '1');
INSERT INTO `lost_and_found` VALUES ('109', '94', '175', '捡到', '一卡通', '30.526153', '114.36229', '武汉大学文理学部', '2019-01-04 05:55:53', '2020-07-13 04:22:51', '1', '1');
INSERT INTO `lost_and_found` VALUES ('110', '162', null, '丢失', '手机', '30.527541', '114.365238', '武汉大学信息学部', '2019-11-09 11:20:36', null, '0', '0');
INSERT INTO `lost_and_found` VALUES ('111', '133', '204', '捡到', '其他', '30.521928', '114.363631', '武汉大学医学部', '2019-08-27 00:07:18', '2020-06-09 04:03:27', '1', '1');
INSERT INTO `lost_and_found` VALUES ('112', '124', null, '丢失', '其他', '30.523533', '114.360586', '武汉大学工学部', '2018-04-16 03:57:59', null, '0', '0');
INSERT INTO `lost_and_found` VALUES ('113', '106', '205', '捡到', '其他', '30.524555', '114.365214', '武汉大学医学部', '2018-06-12 07:00:25', '2019-06-30 18:23:37', '1', '1');
INSERT INTO `lost_and_found` VALUES ('114', '132', null, '丢失', '手机', '30.526468', '114.364015', '武汉大学文理学部', '2020-10-27 16:30:53', null, '0', '0');
INSERT INTO `lost_and_found` VALUES ('115', '122', '183', '捡到', '书本', '30.522088', '114.364969', '武汉大学文理学部', '2019-11-19 03:35:21', '2020-09-22 11:52:07', '1', '1');
INSERT INTO `lost_and_found` VALUES ('116', '115', null, '丢失', '钱包', '30.528338', '114.365042', '武汉大学信息学部', '2021-10-04 18:04:42', null, '0', '0');
INSERT INTO `lost_and_found` VALUES ('117', '118', '224', '捡到', '一卡通', '30.526676', '114.360554', '武汉大学医学部', '2018-04-04 11:04:54', '2018-05-27 13:46:13', '1', '1');
INSERT INTO `lost_and_found` VALUES ('118', '121', null, '丢失', '一卡通', '30.521561', '114.368859', '武汉大学文理学部', '2020-08-19 17:32:47', null, '0', '0');
INSERT INTO `lost_and_found` VALUES ('119', '90', '246', '捡到', '钱包', '30.525915', '114.360324', '武汉大学文理学部', '2020-01-13 11:42:00', '2020-01-17 15:14:54', '1', '1');
INSERT INTO `lost_and_found` VALUES ('120', '163', null, '丢失', '书本', '30.526845', '114.36367', '武汉大学信息学部', '2019-06-04 06:45:12', null, '0', '0');
INSERT INTO `lost_and_found` VALUES ('121', '164', '197', '捡到', '其他', '30.522281', '114.366107', '武汉大学文理学部', '2018-11-09 05:11:25', '2020-12-09 02:29:34', '1', '1');
INSERT INTO `lost_and_found` VALUES ('122', '125', null, '丢失', '钱包', '30.526151', '114.364992', '武汉大学信息学部', '2021-05-04 22:51:26', null, '0', '0');
INSERT INTO `lost_and_found` VALUES ('123', '161', '207', '捡到', '其他', '30.528528', '114.361537', '武汉大学医学部', '2021-10-28 14:41:30', '2021-11-27 16:50:08', '1', '1');
INSERT INTO `lost_and_found` VALUES ('124', '145', null, '丢失', '书本', '30.523104', '114.366284', '武汉大学文理学部', '2018-09-17 21:34:27', null, '0', '0');
INSERT INTO `lost_and_found` VALUES ('125', '124', '245', '捡到', '钱包', '30.525392', '114.366819', '武汉大学文理学部', '2021-11-20 17:23:19', '2021-12-04 08:08:19', '1', '1');
INSERT INTO `lost_and_found` VALUES ('126', '141', null, '丢失', '一卡通', '30.526412', '114.369515', '武汉大学文理学部', '2021-12-29 03:41:21', null, '0', '0');
INSERT INTO `lost_and_found` VALUES ('127', '152', '188', '捡到', '其他', '30.521382', '114.365626', '武汉大学信息学部', '2019-08-11 18:53:13', '2020-04-02 07:43:46', '1', '1');
INSERT INTO `lost_and_found` VALUES ('128', '107', null, '丢失', '一卡通', '30.521501', '114.366449', '武汉大学信息学部', '2019-07-05 14:43:03', null, '0', '0');
INSERT INTO `lost_and_found` VALUES ('129', '164', null, '丢失', '手机', '30.525303', '114.364251', '武汉大学文理学部', '2021-07-07 15:07:00', null, '0', '0');
INSERT INTO `lost_and_found` VALUES ('130', '140', null, '丢失', '钱包', '30.521547', '114.365973', '武汉大学信息学部', '2020-07-17 04:16:13', null, '0', '0');
INSERT INTO `lost_and_found` VALUES ('131', '105', null, '丢失', '手机', '30.524228', '114.365827', '武汉大学工学部', '2019-06-07 09:23:12', null, '0', '0');
INSERT INTO `lost_and_found` VALUES ('132', '123', null, '丢失', '书本', '30.521752', '114.367793', '武汉大学信息学部', '2018-01-20 05:40:29', null, '0', '0');
INSERT INTO `lost_and_found` VALUES ('133', '164', null, '丢失', '一卡通', '30.528149', '114.362011', '武汉大学工学部', '2019-07-04 11:54:43', null, '0', '0');
INSERT INTO `lost_and_found` VALUES ('134', '153', null, '丢失', '钱包', '30.526679', '114.360271', '武汉大学工学部', '2018-08-29 04:02:53', null, '0', '0');
INSERT INTO `lost_and_found` VALUES ('135', '120', null, '丢失', '书本', '30.527283', '114.368873', '武汉大学文理学部', '2020-07-27 14:31:38', null, '0', '0');
INSERT INTO `lost_and_found` VALUES ('136', '159', null, '丢失', '钥匙', '30.525553', '114.367147', '武汉大学医学部', '2018-02-25 12:55:29', null, '0', '0');
INSERT INTO `lost_and_found` VALUES ('137', '160', null, '丢失', '书本', '30.524935', '114.360619', '武汉大学医学部', '2018-01-15 08:07:44', null, '0', '0');
INSERT INTO `lost_and_found` VALUES ('138', '94', null, '丢失', '一卡通', '30.528144', '114.365073', '武汉大学医学部', '2021-11-20 22:24:38', null, '0', '0');
INSERT INTO `lost_and_found` VALUES ('139', '163', '174', '捡到', '钱包', '30.527911', '114.368161', '武汉大学工学部', '2020-07-28 03:14:10', '2020-10-07 15:06:41', '1', '1');
INSERT INTO `lost_and_found` VALUES ('140', '102', null, '丢失', '书本', '30.526576', '114.3697', '武汉大学文理学部', '2020-02-23 10:18:56', null, '0', '0');
INSERT INTO `lost_and_found` VALUES ('141', '91', '225', '捡到', '钥匙', '30.526501', '114.362007', '武汉大学工学部', '2020-11-22 08:11:33', '2021-01-27 06:36:00', '1', '1');
INSERT INTO `lost_and_found` VALUES ('142', '151', '240', '捡到', '钱包', '30.524735', '114.360021', '武汉大学文理学部', '2020-08-15 02:29:04', '2021-11-12 18:30:16', '1', '1');
INSERT INTO `lost_and_found` VALUES ('143', '115', null, '丢失', '钥匙', '30.526241', '114.366092', '武汉大学信息学部', '2018-01-14 13:16:40', null, '0', '0');
INSERT INTO `lost_and_found` VALUES ('144', '99', '187', '捡到', '其他', '30.522969', '114.362496', '武汉大学医学部', '2021-03-06 02:52:05', '2021-08-23 09:27:44', '1', '1');
INSERT INTO `lost_and_found` VALUES ('145', '134', null, '丢失', '一卡通', '30.528644', '114.362356', '武汉大学信息学部', '2020-10-25 13:15:23', null, '0', '0');
INSERT INTO `lost_and_found` VALUES ('146', '93', '181', '捡到', '其他', '30.528274', '114.368899', '武汉大学工学部', '2021-03-23 10:34:52', '2021-06-16 11:40:22', '1', '1');
INSERT INTO `lost_and_found` VALUES ('147', '164', '204', '捡到', '一卡通', '30.52301', '114.362109', '武汉大学信息学部', '2020-01-03 20:52:06', '2021-10-28 17:14:27', '1', '1');
INSERT INTO `lost_and_found` VALUES ('148', '160', null, '丢失', '一卡通', '30.522172', '114.362782', '武汉大学医学部', '2020-01-07 18:42:30', null, '0', '0');
INSERT INTO `lost_and_found` VALUES ('149', '129', null, '丢失', '钥匙', '30.548788', '114.369323', '武汉大学工学部', '2019-06-21 16:13:37', null, '0', '0');
INSERT INTO `lost_and_found` VALUES ('150', '111', null, '丢失', '钱包', '30.545742', '114.371362', '武汉大学信息学部', '2019-11-26 03:45:23', null, '0', '0');
INSERT INTO `lost_and_found` VALUES ('151', '145', '183', '捡到', '钥匙', '30.549105', '114.370309', '武汉大学文理学部', '2020-11-09 08:36:19', '2021-02-08 20:15:50', '1', '1');
INSERT INTO `lost_and_found` VALUES ('152', '135', null, '丢失', '其他', '30.540296', '114.374092', '武汉大学文理学部', '2020-05-31 19:26:48', null, '0', '0');
INSERT INTO `lost_and_found` VALUES ('153', '94', '189', '捡到', '钥匙', '30.542629', '114.368237', '武汉大学信息学部', '2018-10-03 15:54:16', '2020-06-12 15:34:54', '1', '1');
INSERT INTO `lost_and_found` VALUES ('154', '99', '175', '捡到', '一卡通', '30.549088', '114.376098', '武汉大学工学部', '2021-02-07 03:05:41', '2021-07-26 16:25:32', '1', '1');
INSERT INTO `lost_and_found` VALUES ('155', '107', null, '丢失', '钱包', '30.53925', '114.372314', '武汉大学信息学部', '2021-03-31 09:00:09', null, '0', '0');
INSERT INTO `lost_and_found` VALUES ('156', '166', null, '丢失', '钱包', '30.546515', '114.374474', '武汉大学工学部', '2018-09-12 14:55:17', null, '0', '0');
INSERT INTO `lost_and_found` VALUES ('157', '141', '179', '捡到', '手机', '30.54386', '114.373603', '武汉大学信息学部', '2020-03-12 10:31:48', '2021-07-24 10:49:43', '1', '1');
INSERT INTO `lost_and_found` VALUES ('158', '125', '206', '捡到', '书本', '30.546452', '114.372066', '武汉大学工学部', '2018-12-05 09:17:36', '2019-04-17 02:05:09', '1', '1');
INSERT INTO `lost_and_found` VALUES ('159', '116', '203', '捡到', '一卡通', '30.548319', '114.368138', '武汉大学工学部', '2018-01-02 21:22:19', '2020-06-21 06:01:10', '1', '1');
INSERT INTO `lost_and_found` VALUES ('160', '115', null, '丢失', '一卡通', '30.549258', '114.36696', '武汉大学文理学部', '2021-06-23 01:49:41', null, '0', '0');
INSERT INTO `lost_and_found` VALUES ('161', '113', '188', '捡到', '钥匙', '30.543483', '114.366272', '武汉大学文理学部', '2020-08-22 19:46:39', '2020-12-14 15:45:36', '1', '1');
INSERT INTO `lost_and_found` VALUES ('162', '97', '219', '捡到', '其他', '30.545234', '114.376226', '武汉大学工学部', '2019-10-10 03:43:05', '2020-09-21 04:18:30', '1', '1');
INSERT INTO `lost_and_found` VALUES ('163', '145', '232', '捡到', '其他', '30.544351', '114.369991', '武汉大学医学部', '2018-07-03 21:40:56', '2021-02-16 13:32:20', '1', '1');
INSERT INTO `lost_and_found` VALUES ('164', '148', '192', '捡到', '一卡通', '30.541696', '114.37137', '武汉大学文理学部', '2019-02-09 04:51:39', '2020-06-12 14:49:07', '1', '1');
INSERT INTO `lost_and_found` VALUES ('165', '163', null, '丢失', '其他', '30.539256', '114.373192', '武汉大学文理学部', '2019-06-18 20:14:27', null, '0', '0');
INSERT INTO `lost_and_found` VALUES ('166', '151', '194', '捡到', '钱包', '30.54576', '114.369321', '武汉大学信息学部', '2020-12-25 17:29:44', '2021-03-17 14:10:38', '1', '1');
INSERT INTO `lost_and_found` VALUES ('167', '157', null, '丢失', '手机', '30.548505', '114.376806', '武汉大学信息学部', '2021-06-09 20:16:35', null, '0', '0');
INSERT INTO `lost_and_found` VALUES ('168', '138', null, '丢失', '钱包', '30.540473', '114.375681', '武汉大学文理学部', '2018-04-29 06:40:03', null, '0', '0');
INSERT INTO `lost_and_found` VALUES ('169', '159', '184', '捡到', '书本', '30.53965', '114.376006', '武汉大学医学部', '2021-10-26 02:03:50', '2021-12-15 11:48:27', '1', '1');
INSERT INTO `lost_and_found` VALUES ('170', '146', '201', '捡到', '钱包', '30.546509', '114.368788', '武汉大学医学部', '2019-02-11 15:23:18', '2021-11-21 21:00:25', '1', '1');
INSERT INTO `lost_and_found` VALUES ('171', '160', null, '丢失', '手机', '30.545721', '114.370168', '武汉大学文理学部', '2021-09-17 20:50:24', null, '0', '0');
INSERT INTO `lost_and_found` VALUES ('172', '149', '207', '捡到', '钱包', '30.539828', '114.368922', '武汉大学文理学部', '2018-06-18 13:13:06', '2021-02-01 18:23:42', '1', '1');
INSERT INTO `lost_and_found` VALUES ('173', '123', '199', '捡到', '手机', '30.546522', '114.371133', '武汉大学工学部', '2020-03-01 13:34:46', '2020-12-03 18:31:26', '1', '1');
INSERT INTO `lost_and_found` VALUES ('174', '161', '199', '捡到', '钥匙', '30.546591', '114.376408', '武汉大学医学部', '2019-11-10 16:37:33', '2019-12-02 06:30:29', '1', '1');
INSERT INTO `lost_and_found` VALUES ('175', '155', '220', '捡到', '手机', '30.53976', '114.368597', '武汉大学医学部', '2020-02-17 16:43:13', '2021-02-09 13:02:48', '1', '1');
INSERT INTO `lost_and_found` VALUES ('176', '108', null, '丢失', '钥匙', '30.548933', '114.373736', '武汉大学信息学部', '2020-12-15 01:53:27', null, '0', '0');
INSERT INTO `lost_and_found` VALUES ('177', '98', '175', '捡到', '手机', '30.546234', '114.372621', '武汉大学医学部', '2018-09-08 02:50:40', '2020-08-14 15:55:13', '1', '1');
INSERT INTO `lost_and_found` VALUES ('178', '121', null, '丢失', '手机', '30.547606', '114.366894', '武汉大学信息学部', '2019-12-09 06:02:09', null, '0', '0');
INSERT INTO `lost_and_found` VALUES ('179', '118', null, '丢失', '书本', '30.545245', '114.366421', '武汉大学医学部', '2019-06-16 03:13:19', null, '0', '0');
INSERT INTO `lost_and_found` VALUES ('180', '122', null, '丢失', '书本', '30.542002', '114.373772', '武汉大学信息学部', '2019-09-17 19:28:12', null, '0', '0');
INSERT INTO `lost_and_found` VALUES ('181', '117', null, '丢失', '钱包', '30.54919', '114.37192', '武汉大学信息学部', '2019-03-14 04:02:36', null, '0', '0');
INSERT INTO `lost_and_found` VALUES ('182', '123', null, '丢失', '钱包', '30.547636', '114.371618', '武汉大学工学部', '2019-11-03 05:55:44', null, '0', '0');
INSERT INTO `lost_and_found` VALUES ('183', '106', '175', '捡到', '书本', '30.544066', '114.371039', '武汉大学信息学部', '2019-12-26 19:46:55', '2021-04-26 23:14:25', '1', '1');
INSERT INTO `lost_and_found` VALUES ('184', '166', '245', '捡到', '一卡通', '30.545744', '114.368955', '武汉大学工学部', '2021-09-24 16:22:44', '2021-11-14 18:30:29', '1', '1');
INSERT INTO `lost_and_found` VALUES ('185', '156', null, '丢失', '其他', '30.539547', '114.368726', '武汉大学工学部', '2019-11-20 09:37:29', null, '0', '0');
INSERT INTO `lost_and_found` VALUES ('186', '103', null, '丢失', '钱包', '30.546949', '114.375655', '武汉大学工学部', '2021-10-10 22:23:02', null, '0', '0');
INSERT INTO `lost_and_found` VALUES ('187', '130', null, '丢失', '手机', '30.545431', '114.369808', '武汉大学文理学部', '2021-12-26 15:35:16', null, '0', '0');
INSERT INTO `lost_and_found` VALUES ('188', '157', '228', '捡到', '一卡通', '30.5472', '114.36698', '武汉大学信息学部', '2018-11-17 02:34:09', '2019-07-25 13:09:49', '1', '1');
INSERT INTO `lost_and_found` VALUES ('189', '139', null, '丢失', '其他', '30.548322', '114.367877', '武汉大学工学部', '2018-02-03 16:21:13', null, '0', '0');
INSERT INTO `lost_and_found` VALUES ('190', '141', null, '丢失', '一卡通', '30.548711', '114.372512', '武汉大学信息学部', '2021-11-03 19:16:49', null, '0', '0');
INSERT INTO `lost_and_found` VALUES ('191', '109', null, '丢失', '钱包', '30.541085', '114.370882', '武汉大学工学部', '2021-03-10 18:30:23', null, '0', '0');
INSERT INTO `lost_and_found` VALUES ('192', '156', '174', '捡到', '其他', '30.547428', '114.368844', '武汉大学文理学部', '2019-08-08 00:10:05', '2020-10-05 21:19:18', '1', '1');
INSERT INTO `lost_and_found` VALUES ('193', '103', '235', '捡到', '钱包', '30.546539', '114.36808', '武汉大学信息学部', '2018-09-30 01:42:33', '2020-10-17 21:21:08', '1', '1');
INSERT INTO `lost_and_found` VALUES ('194', '118', null, '丢失', '钥匙', '30.54314', '114.374809', '武汉大学文理学部', '2018-09-20 01:52:22', null, '0', '0');
INSERT INTO `lost_and_found` VALUES ('195', '98', '246', '捡到', '书本', '30.546282', '114.370316', '武汉大学信息学部', '2020-06-24 15:06:59', '2021-05-25 12:31:39', '1', '1');
INSERT INTO `lost_and_found` VALUES ('196', '122', null, '丢失', '其他', '30.545779', '114.374407', '武汉大学医学部', '2020-10-27 08:28:15', null, '0', '0');
INSERT INTO `lost_and_found` VALUES ('197', '93', '233', '捡到', '手机', '30.543213', '114.375736', '武汉大学工学部', '2019-01-30 12:19:32', '2020-08-11 23:39:44', '1', '1');
INSERT INTO `lost_and_found` VALUES ('198', '96', '212', '捡到', '书本', '30.543509', '114.373136', '武汉大学工学部', '2020-04-18 16:39:24', '2021-02-25 21:51:48', '1', '1');
INSERT INTO `lost_and_found` VALUES ('199', '147', null, '丢失', '一卡通', '30.546377', '114.372784', '武汉大学医学部', '2020-04-14 21:14:07', null, '0', '0');
INSERT INTO `lost_and_found` VALUES ('200', '149', '199', '捡到', '手机', '30.548616', '114.368509', '武汉大学医学部', '2020-05-03 10:55:57', '2021-05-26 20:35:38', '1', '1');
INSERT INTO `lost_and_found` VALUES ('201', '137', null, '丢失', '一卡通', '30.541659', '114.366636', '武汉大学信息学部', '2021-07-25 09:27:14', null, '0', '0');
INSERT INTO `lost_and_found` VALUES ('202', '89', null, '丢失', '钥匙', '30.539958', '114.366707', '武汉大学医学部', '2021-02-06 00:37:36', null, '0', '0');
INSERT INTO `lost_and_found` VALUES ('203', '135', null, '丢失', '手机', '30.540702', '114.366822', '武汉大学信息学部', '2021-11-29 08:57:44', null, '0', '0');
INSERT INTO `lost_and_found` VALUES ('204', '162', '205', '捡到', '手机', '30.541726', '114.375221', '武汉大学工学部', '2019-08-14 00:34:24', '2020-09-05 20:47:23', '1', '1');
INSERT INTO `lost_and_found` VALUES ('205', '102', '240', '捡到', '钱包', '30.547344', '114.366857', '武汉大学信息学部', '2021-06-17 03:27:29', '2021-10-21 09:36:15', '1', '1');
INSERT INTO `lost_and_found` VALUES ('206', '114', '190', '捡到', '书本', '30.547888', '114.376095', '武汉大学工学部', '2018-06-04 12:53:13', '2018-07-21 00:05:19', '1', '1');
INSERT INTO `lost_and_found` VALUES ('207', '143', '214', '捡到', '钥匙', '30.548505', '114.372154', '武汉大学信息学部', '2021-04-03 20:52:14', '2021-11-18 17:08:06', '1', '1');
INSERT INTO `lost_and_found` VALUES ('208', '146', null, '丢失', '钱包', '30.539468', '114.376439', '武汉大学工学部', '2021-05-26 18:41:52', null, '0', '0');
INSERT INTO `lost_and_found` VALUES ('209', '99', '204', '捡到', '其他', '30.538963', '114.373629', '武汉大学文理学部', '2021-11-27 10:42:52', '2021-12-17 12:44:53', '1', '1');
INSERT INTO `lost_and_found` VALUES ('210', '110', null, '丢失', '手机', '30.542442', '114.374115', '武汉大学医学部', '2019-02-11 01:32:30', null, '0', '0');
INSERT INTO `lost_and_found` VALUES ('211', '114', '182', '捡到', '书本', '30.546104', '114.367157', '武汉大学医学部', '2019-01-29 10:35:13', '2020-02-23 11:36:30', '1', '1');
INSERT INTO `lost_and_found` VALUES ('212', '148', '235', '捡到', '一卡通', '30.540868', '114.370811', '武汉大学信息学部', '2021-04-06 17:53:26', '2021-06-17 03:51:44', '1', '1');
INSERT INTO `lost_and_found` VALUES ('213', '146', null, '丢失', '手机', '30.543668', '114.372967', '武汉大学信息学部', '2020-10-20 02:38:57', null, '0', '0');
INSERT INTO `lost_and_found` VALUES ('214', '129', null, '丢失', '手机', '30.542697', '114.370295', '武汉大学文理学部', '2020-04-13 11:34:39', null, '0', '0');
INSERT INTO `lost_and_found` VALUES ('215', '108', '198', '捡到', '手机', '30.540347', '114.376028', '武汉大学医学部', '2020-03-30 12:48:46', '2020-11-22 19:00:24', '1', '1');
INSERT INTO `lost_and_found` VALUES ('216', '132', null, '丢失', '书本', '30.542406', '114.368099', '武汉大学工学部', '2020-10-27 02:18:31', null, '0', '0');
INSERT INTO `lost_and_found` VALUES ('217', '167', '243', '捡到', '钱包', '30.548952', '114.366386', '武汉大学工学部', '2020-11-08 01:17:37', '2021-11-16 09:24:55', '1', '1');
INSERT INTO `lost_and_found` VALUES ('218', '130', '229', '捡到', '钥匙', '30.542358', '114.368293', '武汉大学医学部', '2019-06-16 23:12:30', '2021-10-14 10:00:13', '1', '1');
INSERT INTO `lost_and_found` VALUES ('219', '159', '244', '捡到', '一卡通', '30.549186', '114.369826', '武汉大学信息学部', '2020-08-20 17:21:04', '2021-07-18 05:10:51', '1', '1');
INSERT INTO `lost_and_found` VALUES ('220', '90', '173', '捡到', '钱包', '30.542469', '114.373157', '武汉大学医学部', '2020-04-08 13:48:58', '2021-02-25 15:48:54', '1', '1');
INSERT INTO `lost_and_found` VALUES ('221', '133', null, '丢失', '钥匙', '30.549397', '114.373485', '武汉大学文理学部', '2019-11-10 03:05:15', null, '0', '0');
INSERT INTO `lost_and_found` VALUES ('222', '103', null, '丢失', '书本', '30.546132', '114.36942', '武汉大学工学部', '2018-06-18 09:56:49', null, '0', '0');
INSERT INTO `lost_and_found` VALUES ('223', '102', null, '丢失', '手机', '30.543973', '114.369565', '武汉大学文理学部', '2018-10-16 10:35:49', null, '0', '0');
INSERT INTO `lost_and_found` VALUES ('224', '144', null, '丢失', '手机', '30.539587', '114.369962', '武汉大学信息学部', '2020-05-24 00:47:16', null, '0', '0');
INSERT INTO `lost_and_found` VALUES ('225', '89', '186', '捡到', '钱包', '30.542822', '114.3751', '武汉大学文理学部', '2020-06-16 19:13:11', '2021-12-30 09:58:17', '1', '1');
INSERT INTO `lost_and_found` VALUES ('226', '150', null, '丢失', '其他', '30.53906', '114.367959', '武汉大学医学部', '2020-01-12 01:05:09', null, '0', '0');
INSERT INTO `lost_and_found` VALUES ('227', '166', null, '丢失', '一卡通', '30.540234', '114.369735', '武汉大学文理学部', '2018-07-01 18:58:11', null, '0', '0');
INSERT INTO `lost_and_found` VALUES ('228', '90', null, '丢失', '钱包', '30.548435', '114.367271', '武汉大学文理学部', '2019-04-18 19:53:15', null, '0', '0');
INSERT INTO `lost_and_found` VALUES ('229', '102', '238', '捡到', '书本', '30.548046', '114.373319', '武汉大学文理学部', '2021-07-01 09:25:40', '2021-09-01 21:37:55', '1', '1');
INSERT INTO `lost_and_found` VALUES ('230', '137', null, '丢失', '其他', '30.547187', '114.372437', '武汉大学文理学部', '2018-07-30 03:47:38', null, '0', '0');
INSERT INTO `lost_and_found` VALUES ('231', '152', '196', '捡到', '其他', '30.53945', '114.367313', '武汉大学文理学部', '2021-09-05 03:17:11', '2021-11-20 07:31:02', '1', '1');
INSERT INTO `lost_and_found` VALUES ('232', '157', null, '丢失', '钱包', '30.543947', '114.370603', '武汉大学工学部', '2019-09-21 17:26:38', null, '0', '0');
INSERT INTO `lost_and_found` VALUES ('233', '92', null, '丢失', '钱包', '30.548533', '114.369298', '武汉大学工学部', '2021-12-05 10:40:22', null, '0', '0');
INSERT INTO `lost_and_found` VALUES ('234', '107', '237', '捡到', '钱包', '30.545207', '114.367006', '武汉大学工学部', '2019-11-21 02:41:21', '2020-06-13 22:39:13', '1', '1');
INSERT INTO `lost_and_found` VALUES ('235', '138', '174', '捡到', '书本', '30.539227', '114.373333', '武汉大学工学部', '2019-12-24 21:22:53', '2020-02-21 21:30:52', '1', '1');
INSERT INTO `lost_and_found` VALUES ('236', '153', '241', '捡到', '书本', '30.549379', '114.367979', '武汉大学工学部', '2018-05-26 20:15:11', '2020-11-14 18:18:02', '1', '1');
INSERT INTO `lost_and_found` VALUES ('237', '127', '216', '捡到', '一卡通', '30.540334', '114.371032', '武汉大学医学部', '2019-08-07 13:34:29', '2020-05-31 23:06:21', '1', '1');
INSERT INTO `lost_and_found` VALUES ('238', '106', null, '丢失', '手机', '30.549147', '114.368042', '武汉大学工学部', '2019-07-01 00:26:17', null, '0', '0');

-- ----------------------------
-- Table structure for repair
-- ----------------------------
DROP TABLE IF EXISTS `repair`;
CREATE TABLE `repair` (
  `id` int NOT NULL AUTO_INCREMENT,
  `repair_id` int DEFAULT NULL COMMENT '维修人员的id',
  `apply_id` int NOT NULL COMMENT '申报人的id',
  `title` varchar(255) CHARACTER SET utf8mb4 COLLATE utf8mb4_unicode_ci NOT NULL COMMENT '标题',
  `content` varchar(255) CHARACTER SET utf8mb4 COLLATE utf8mb4_unicode_ci DEFAULT NULL COMMENT '问题描述',
  `latitude` double DEFAULT NULL COMMENT '纬度（可以不定位）',
  `longitude` double DEFAULT NULL COMMENT '经度',
  `place` varchar(255) CHARACTER SET utf8mb4 COLLATE utf8mb4_unicode_ci NOT NULL COMMENT '报修地点',
  `apply_date` datetime NOT NULL,
  `finish_date` datetime DEFAULT NULL,
  `repair_type` int NOT NULL,
  `state` int NOT NULL COMMENT '完成状态',
  PRIMARY KEY (`id`),
  KEY `fk_repair_id` (`repair_id`),
  KEY `fk_apply_id` (`apply_id`),
  CONSTRAINT `fk_apply_id` FOREIGN KEY (`apply_id`) REFERENCES `user` (`id`),
  CONSTRAINT `fk_repair_id` FOREIGN KEY (`repair_id`) REFERENCES `user` (`id`)
) ENGINE=InnoDB AUTO_INCREMENT=314 DEFAULT CHARSET=utf8mb4 COLLATE=utf8mb4_unicode_ci;

-- ----------------------------
-- Records of repair
-- ----------------------------
INSERT INTO `repair` VALUES ('3', '2', '1', '这是一个测试的维修事件', '可选的内容', '0', '0', '某个地点', '2020-01-07 13:21:55', '2020-01-07 14:00:55', '0', '1');
INSERT INTO `repair` VALUES ('7', '173', '159', '水', '上下水管接口漏水', '30.521159', '114.361731', '武汉大学医学部学生宿舍2舍', '2018-11-07 00:00:00', '2020-09-10 00:00:00', '1', '1');
INSERT INTO `repair` VALUES ('8', '235', '122', '水', '水龙头漏水', '30.526532', '114.369185', '武汉大学医学部学生宿舍1舍', '2020-09-25 04:43:54', '2020-11-19 13:15:12', '1', '1');
INSERT INTO `repair` VALUES ('9', '229', '130', '水', '冲水阀维修更换', '30.524502', '114.363218', '武汉大学医学部学生宿舍2舍', '2018-09-01 11:41:56', '2018-09-06 02:31:29', '1', '1');
INSERT INTO `repair` VALUES ('10', '191', '151', '水', '阀门漏水', '30.525492', '114.364392', '武汉大学工学部学生宿舍8舍', '2018-02-18 09:41:31', '2019-05-05 17:39:25', '1', '1');
INSERT INTO `repair` VALUES ('11', '169', '99', '水', '上下水管接口漏水', '30.528288', '114.361081', '武汉大学文理学部学生宿舍10舍', '2019-02-15 16:58:08', '2021-01-15 10:15:43', '1', '1');
INSERT INTO `repair` VALUES ('12', '195', '164', '水', '上下水管更换', '30.527803', '114.36352', '武汉大学文理学部学生宿舍10舍', '2020-01-24 08:21:59', '2021-06-27 03:25:41', '1', '1');
INSERT INTO `repair` VALUES ('13', '174', '135', '水', '阀门更换', '30.521826', '114.368263', '武汉大学信息学部学生宿舍8舍', '2020-01-01 21:15:43', '2021-07-06 08:36:45', '1', '1');
INSERT INTO `repair` VALUES ('14', '182', '124', '水', '上下水管更换', '30.523798', '114.36688', '武汉大学工学部学生宿舍8舍', '2019-01-03 00:02:03', '2021-04-14 20:43:11', '1', '1');
INSERT INTO `repair` VALUES ('15', '189', '132', '水', '地漏杜塞', '30.525574', '114.36228', '武汉大学信息学部学生宿舍7舍', '2018-08-31 06:47:03', '2019-08-05 23:40:31', '1', '1');
INSERT INTO `repair` VALUES ('16', '241', '130', '水', '水箱维修更换', '30.527505', '114.365593', '武汉大学工学部学生宿舍7舍', '2020-07-15 19:30:42', '2021-09-24 00:02:59', '1', '1');
INSERT INTO `repair` VALUES ('17', '195', '96', '水', '上下水管接口漏水', '30.524083', '114.366843', '武汉大学工学部学生宿舍15舍', '2020-03-24 23:13:19', '2020-04-05 14:38:26', '1', '1');
INSERT INTO `repair` VALUES ('18', '224', '106', '水', '管道堵塞', '30.523987', '114.364838', '武汉大学工学部学生宿舍7舍', '2021-01-27 01:00:47', '2021-09-01 05:48:22', '1', '1');
INSERT INTO `repair` VALUES ('19', '222', '119', '水', '阀门漏水', '30.527048', '114.359628', '武汉大学医学部学生宿舍3舍', '2019-09-27 18:23:57', '2021-08-29 20:50:21', '1', '1');
INSERT INTO `repair` VALUES ('20', '237', '99', '水', '阀门漏水', '30.522277', '114.361953', '武汉大学医学部学生宿舍1舍', '2021-12-19 12:26:05', '2021-12-22 08:14:13', '1', '1');
INSERT INTO `repair` VALUES ('21', '179', '97', '水', '上下水管接口漏水', '30.528174', '114.367543', '武汉大学文理学部学生宿舍10舍', '2020-07-24 14:59:51', '2021-06-28 18:09:02', '1', '1');
INSERT INTO `repair` VALUES ('22', '234', '118', '水', '水池更换、维修、固定', '30.527534', '114.363144', '武汉大学文理学部学生宿舍10舍', '2020-03-01 03:32:04', '2021-06-02 12:30:26', '1', '1');
INSERT INTO `repair` VALUES ('23', '233', '150', '水', '地漏杜塞', '30.526266', '114.361619', '武汉大学工学部学生宿舍7舍', '2020-03-04 02:40:32', '2021-07-13 16:09:25', '1', '1');
INSERT INTO `repair` VALUES ('24', '188', '155', '水', '水箱维修更换', '30.527057', '114.361053', '武汉大学医学部学生宿舍3舍', '2019-08-29 23:48:17', '2021-04-12 23:33:47', '1', '1');
INSERT INTO `repair` VALUES ('25', '190', '111', '水', '水池更换、维修、固定', '30.525163', '114.367478', '武汉大学医学部学生宿舍1舍', '2020-12-29 12:50:58', '2021-06-18 09:58:04', '1', '1');
INSERT INTO `repair` VALUES ('26', '213', '140', '水', '上下水管更换', '30.522851', '114.369164', '武汉大学医学部学生宿舍2舍', '2021-07-22 21:23:34', '2021-10-20 10:46:48', '1', '1');
INSERT INTO `repair` VALUES ('27', '194', '157', '水', '阀门更换', '30.527293', '114.36636', '武汉大学文理学部学生宿舍11舍', '2020-12-29 19:55:48', '2021-07-17 00:02:05', '1', '1');
INSERT INTO `repair` VALUES ('28', '177', '135', '水', '水龙头整体更换', '30.521125', '114.365334', '武汉大学文理学部学生宿舍11舍', '2020-01-14 04:09:20', '2021-09-09 06:10:17', '1', '1');
INSERT INTO `repair` VALUES ('29', '243', '110', '水', '冲水阀维修更换', '30.522893', '114.367324', '武汉大学信息学部学生宿舍8舍', '2021-03-31 21:30:49', '2021-10-30 03:12:19', '1', '1');
INSERT INTO `repair` VALUES ('30', '195', '140', '水', '水池更换、维修、固定', '30.526127', '114.369509', '武汉大学医学部学生宿舍3舍', '2018-03-06 15:32:20', '2019-02-10 23:59:09', '1', '1');
INSERT INTO `repair` VALUES ('31', '202', '105', '水', '水龙头阀芯更换', '30.526799', '114.369479', '武汉大学医学部学生宿舍3舍', '2021-01-10 09:42:51', '2021-10-23 20:26:58', '1', '1');
INSERT INTO `repair` VALUES ('32', '215', '116', '水', '上下水管接口漏水', '30.528209', '114.363144', '武汉大学文理学部学生宿舍10舍', '2019-06-14 06:51:07', '2020-07-18 13:27:08', '1', '1');
INSERT INTO `repair` VALUES ('33', '202', '141', '水', '便池维修，更换', '30.522639', '114.361618', '武汉大学工学部学生宿舍15舍', '2019-03-03 02:51:43', '2021-06-11 09:31:42', '1', '1');
INSERT INTO `repair` VALUES ('34', '236', '96', '水', '便池维修，更换', '30.524223', '114.368643', '武汉大学医学部学生宿舍3舍', '2020-09-10 02:17:17', '2021-08-05 21:47:47', '1', '1');
INSERT INTO `repair` VALUES ('35', '230', '100', '水', '上下水管更换', '30.5279', '114.364772', '武汉大学工学部学生宿舍7舍', '2019-02-17 07:54:09', '2019-03-29 18:44:56', '1', '1');
INSERT INTO `repair` VALUES ('36', '179', '145', '水', '管道堵塞', '30.525884', '114.361747', '武汉大学医学部学生宿舍3舍', '2018-09-16 17:18:55', '2021-01-31 16:26:49', '1', '1');
INSERT INTO `repair` VALUES ('37', '241', '166', '水', '阀门漏水', '30.528536', '114.369339', '武汉大学医学部学生宿舍3舍', '2020-05-28 19:40:46', '2021-07-01 01:17:03', '1', '1');
INSERT INTO `repair` VALUES ('38', '246', '164', '水', '冲水阀维修更换', '30.522872', '114.359551', '武汉大学工学部学生宿舍15舍', '2018-03-21 00:27:56', '2021-06-30 20:38:15', '1', '1');
INSERT INTO `repair` VALUES ('39', '211', '138', '水', '上水管漏水', '30.528361', '114.36503', '武汉大学文理学部学生宿舍12舍', '2018-02-28 03:16:10', '2021-05-04 20:31:17', '1', '1');
INSERT INTO `repair` VALUES ('40', '170', '138', '水', '水龙头阀芯更换', '30.525071', '114.365034', '武汉大学文理学部学生宿舍11舍', '2021-05-12 10:06:49', '2021-12-11 14:15:13', '1', '1');
INSERT INTO `repair` VALUES ('41', '190', '138', '水', '水池更换、维修、固定', '30.524938', '114.364676', '武汉大学信息学部学生宿舍7舍', '2018-03-29 22:25:56', '2019-07-21 02:49:57', '1', '1');
INSERT INTO `repair` VALUES ('42', '192', '101', '水', '水龙头阀芯更换', '30.527418', '114.362085', '武汉大学工学部学生宿舍8舍', '2020-12-02 15:01:59', '2021-08-22 09:22:56', '1', '1');
INSERT INTO `repair` VALUES ('43', '170', '102', '水', '水龙头漏水', '30.523256', '114.360797', '武汉大学文理学部学生宿舍11舍', '2018-03-16 11:25:48', '2018-04-18 22:31:59', '1', '1');
INSERT INTO `repair` VALUES ('44', '225', '93', '水', '水龙头整体更换', '30.525152', '114.361314', '武汉大学工学部学生宿舍7舍', '2019-06-16 22:01:03', '2020-07-27 23:45:12', '1', '1');
INSERT INTO `repair` VALUES ('45', '208', '144', '水', '水龙头阀芯更换', '30.527888', '114.364091', '武汉大学医学部学生宿舍3舍', '2020-06-11 03:26:30', '2021-10-24 19:48:18', '1', '1');
INSERT INTO `repair` VALUES ('46', '230', '108', '水', '下水管漏水', '30.5228', '114.368171', '武汉大学信息学部学生宿舍8舍', '2019-11-10 19:14:45', '2021-01-06 04:13:35', '1', '1');
INSERT INTO `repair` VALUES ('47', '175', '109', '水', '水龙头整体更换', '30.523008', '114.362159', '武汉大学医学部学生宿舍3舍', '2019-03-01 23:41:15', '2021-01-26 11:28:44', '1', '1');
INSERT INTO `repair` VALUES ('48', '221', '114', '水', '阀门漏水', '30.525385', '114.360236', '武汉大学文理学部学生宿舍10舍', '2019-02-27 21:03:11', '2019-11-27 11:28:50', '1', '1');
INSERT INTO `repair` VALUES ('49', '176', '142', '水', '水龙头漏水', '30.52503', '114.368584', '武汉大学文理学部学生宿舍11舍', '2018-12-24 00:56:12', '2021-02-03 17:02:29', '1', '1');
INSERT INTO `repair` VALUES ('50', '197', '109', '水', '水龙头漏水', '30.525581', '114.359635', '武汉大学文理学部学生宿舍10舍', '2019-06-09 14:11:48', '2020-08-18 08:42:39', '1', '1');
INSERT INTO `repair` VALUES ('51', '236', '97', '水', '地漏杜塞', '30.523483', '114.361493', '武汉大学工学部学生宿舍8舍', '2020-01-11 04:39:42', '2021-01-10 03:42:43', '1', '1');
INSERT INTO `repair` VALUES ('52', '222', '100', '水', '水龙头整体更换', '30.521406', '114.36777', '武汉大学文理学部学生宿舍11舍', '2018-06-21 02:13:12', '2020-07-12 15:13:50', '1', '1');
INSERT INTO `repair` VALUES ('53', '223', '111', '水', '水箱维修更换', '30.523779', '114.360629', '武汉大学信息学部学生宿舍9舍', '2019-03-01 23:04:32', '2020-10-24 23:17:10', '1', '1');
INSERT INTO `repair` VALUES ('54', '217', '100', '水', '水箱维修更换', '30.524666', '114.363328', '武汉大学文理学部学生宿舍11舍', '2021-02-10 05:33:38', '2021-06-28 15:40:20', '1', '1');
INSERT INTO `repair` VALUES ('55', '213', '136', '水', '上水管漏水', '30.52654', '114.368573', '武汉大学工学部学生宿舍7舍', '2021-06-12 00:33:32', '2021-08-19 06:17:29', '1', '1');
INSERT INTO `repair` VALUES ('56', '213', '131', '水', '水龙头整体更换', '30.520866', '114.369412', '武汉大学信息学部学生宿舍8舍', '2019-08-04 08:52:06', '2020-08-03 19:09:47', '1', '1');
INSERT INTO `repair` VALUES ('57', '184', '103', '水', '上下水管更换', '30.522253', '114.366535', '武汉大学医学部学生宿舍1舍', '2021-04-01 05:11:41', '2021-05-17 22:49:12', '1', '1');
INSERT INTO `repair` VALUES ('58', '201', '121', '水', '上下水管更换', '30.526456', '114.362347', '武汉大学信息学部学生宿舍7舍', '2019-08-27 19:42:35', '2020-08-29 10:30:32', '1', '1');
INSERT INTO `repair` VALUES ('59', '206', '131', '电', '风扇维修更换', '30.528651', '114.366093', '武汉大学文理学部学生宿舍11舍', '2020-04-02 05:24:11', '2020-12-27 02:15:43', '1', '1');
INSERT INTO `repair` VALUES ('60', '178', '164', '电', '开关维修', '30.523756', '114.366292', '武汉大学医学部学生宿舍3舍', '2019-05-07 21:30:43', '2021-02-20 04:02:01', '1', '1');
INSERT INTO `repair` VALUES ('61', '237', '160', '电', '开关维修', '30.521747', '114.365521', '武汉大学文理学部学生宿舍11舍', '2018-09-29 06:30:36', '2020-05-18 09:27:20', '1', '1');
INSERT INTO `repair` VALUES ('62', '176', '116', '电', '线路故障排除', '30.523514', '114.368396', '武汉大学文理学部学生宿舍11舍', '2020-07-12 17:08:39', '2021-06-16 22:29:21', '1', '1');
INSERT INTO `repair` VALUES ('63', '192', '146', '电', '插座更换', '30.523589', '114.360997', '武汉大学文理学部学生宿舍11舍', '2020-06-08 23:48:32', '2020-08-27 23:00:00', '1', '1');
INSERT INTO `repair` VALUES ('64', '171', '127', '电', '其他', '30.528641', '114.362773', '武汉大学医学部学生宿舍2舍', '2019-11-07 15:41:00', '2020-11-24 07:35:43', '1', '1');
INSERT INTO `repair` VALUES ('65', '184', '136', '电', '线路铺设', '30.528476', '114.364749', '武汉大学信息学部学生宿舍7舍', '2019-02-22 12:17:12', '2020-11-06 09:26:17', '1', '1');
INSERT INTO `repair` VALUES ('66', '184', '133', '电', '开关维修', '30.525336', '114.365862', '武汉大学文理学部学生宿舍11舍', '2018-12-14 01:25:26', '2021-12-30 05:13:19', '1', '1');
INSERT INTO `repair` VALUES ('67', '190', '109', '电', '灯管更换', '30.527209', '114.369018', '武汉大学信息学部学生宿舍7舍', '2020-04-29 22:45:53', '2021-05-29 09:46:42', '1', '1');
INSERT INTO `repair` VALUES ('68', '205', '155', '电', '风扇维修更换', '30.528634', '114.365081', '武汉大学信息学部学生宿舍9舍', '2021-01-15 12:49:22', '2021-07-08 04:29:58', '1', '1');
INSERT INTO `repair` VALUES ('69', '201', '124', '电', '镇流器更换', '30.526479', '114.359785', '武汉大学信息学部学生宿舍8舍', '2019-09-18 12:41:18', '2020-10-28 05:16:11', '1', '1');
INSERT INTO `repair` VALUES ('70', '242', '106', '电', '其他', '30.526422', '114.365343', '武汉大学文理学部学生宿舍10舍', '2019-05-03 02:19:45', '2021-04-14 11:17:02', '1', '1');
INSERT INTO `repair` VALUES ('71', '184', '154', '电', '镇流器更换', '30.52582', '114.359502', '武汉大学文理学部学生宿舍11舍', '2021-08-06 13:42:54', '2021-11-20 01:57:50', '1', '1');
INSERT INTO `repair` VALUES ('72', '205', '148', '电', '开关维修', '30.526949', '114.366338', '武汉大学工学部学生宿舍15舍', '2018-04-04 08:08:29', '2018-08-23 14:04:34', '1', '1');
INSERT INTO `repair` VALUES ('73', '245', '138', '电', '其他', '30.527452', '114.369248', '武汉大学工学部学生宿舍15舍', '2021-01-13 18:06:47', '2021-03-21 00:53:10', '1', '1');
INSERT INTO `repair` VALUES ('74', '190', '162', '电', '线路铺设', '30.522459', '114.369494', '武汉大学信息学部学生宿舍8舍', '2019-01-25 14:41:03', '2021-11-17 07:46:39', '1', '1');
INSERT INTO `repair` VALUES ('75', '181', '99', '电', '插座更换', '30.525566', '114.367147', '武汉大学工学部学生宿舍8舍', '2020-01-20 03:14:36', '2020-02-06 11:39:10', '1', '1');
INSERT INTO `repair` VALUES ('76', '234', '89', '电', '线路故障排除', '30.528329', '114.362771', '武汉大学工学部学生宿舍15舍', '2019-03-30 09:22:27', '2019-09-15 02:44:10', '1', '1');
INSERT INTO `repair` VALUES ('77', '241', '165', '电', '镇流器更换', '30.528306', '114.362189', '武汉大学工学部学生宿舍15舍', '2021-01-20 02:31:02', '2021-06-10 15:11:49', '1', '1');
INSERT INTO `repair` VALUES ('78', '203', '106', '电', '灯管更换', '30.52656', '114.369272', '武汉大学工学部学生宿舍15舍', '2021-11-27 00:57:55', '2021-11-30 06:53:17', '1', '1');
INSERT INTO `repair` VALUES ('79', '190', '116', '电', '镇流器更换', '30.524155', '114.363036', '武汉大学医学部学生宿舍3舍', '2019-05-13 05:43:53', '2019-10-17 16:27:08', '1', '1');
INSERT INTO `repair` VALUES ('80', '213', '128', '电', '风扇维修更换', '30.523141', '114.369576', '武汉大学工学部学生宿舍7舍', '2019-07-06 09:42:15', '2019-09-04 08:26:07', '1', '1');
INSERT INTO `repair` VALUES ('81', '183', '129', '电', '灯管更换', '30.526075', '114.366274', '武汉大学医学部学生宿舍2舍', '2018-08-26 09:59:19', '2021-04-03 10:16:32', '1', '1');
INSERT INTO `repair` VALUES ('82', '235', '120', '电', '线路铺设', '30.520922', '114.361987', '武汉大学信息学部学生宿舍7舍', '2020-08-06 08:51:05', '2020-11-15 12:23:21', '1', '1');
INSERT INTO `repair` VALUES ('83', '245', '123', '电', '其他', '30.52746', '114.366741', '武汉大学工学部学生宿舍7舍', '2020-08-01 16:38:07', '2021-10-31 15:57:31', '1', '1');
INSERT INTO `repair` VALUES ('84', '204', '96', '电', '插座更换', '30.527883', '114.369662', '武汉大学医学部学生宿舍1舍', '2018-06-22 08:52:55', '2019-08-01 11:49:22', '1', '1');
INSERT INTO `repair` VALUES ('85', '239', '121', '电', '线路故障排除', '30.527473', '114.361823', '武汉大学文理学部学生宿舍10舍', '2020-05-30 11:17:06', '2021-05-26 07:20:32', '1', '1');
INSERT INTO `repair` VALUES ('86', '208', '162', '电', '风扇维修更换', '30.526042', '114.361566', '武汉大学文理学部学生宿舍12舍', '2019-07-26 00:12:02', '2021-06-18 01:09:11', '1', '1');
INSERT INTO `repair` VALUES ('87', '169', '99', '电', '插座更换', '30.527947', '114.359682', '武汉大学医学部学生宿舍1舍', '2018-08-05 08:36:06', '2021-06-04 10:45:48', '1', '1');
INSERT INTO `repair` VALUES ('88', '171', '121', '电', '灯管更换', '30.527673', '114.36018', '武汉大学工学部学生宿舍7舍', '2019-12-03 21:15:22', '2020-12-14 00:02:07', '1', '1');
INSERT INTO `repair` VALUES ('89', '203', '157', '电', '灯管更换', '30.522833', '114.367034', '武汉大学医学部学生宿舍2舍', '2019-10-06 20:24:28', '2020-04-14 22:06:30', '1', '1');
INSERT INTO `repair` VALUES ('90', '223', '103', '木', '门窗加固', '30.522749', '114.366884', '武汉大学信息学部学生宿舍8舍', '2019-09-19 12:27:31', '2020-04-27 12:16:38', '1', '1');
INSERT INTO `repair` VALUES ('91', '239', '162', '木', '衣架安装', '30.526383', '114.365357', '武汉大学医学部学生宿舍3舍', '2018-10-04 19:08:25', '2020-02-18 21:33:47', '1', '1');
INSERT INTO `repair` VALUES ('92', '217', '100', '木', '门锁维修和更换', '30.522063', '114.365203', '武汉大学文理学部学生宿舍12舍', '2021-10-27 20:28:43', '2021-12-17 18:24:08', '1', '1');
INSERT INTO `repair` VALUES ('93', '227', '143', '木', '衣架安装', '30.523588', '114.362869', '武汉大学工学部学生宿舍15舍', '2019-10-19 05:57:31', '2020-06-01 11:52:13', '1', '1');
INSERT INTO `repair` VALUES ('94', '228', '104', '木', '门锁维修和更换', '30.522062', '114.360274', '武汉大学信息学部学生宿舍9舍', '2020-01-12 16:23:14', '2021-05-31 14:59:57', '1', '1');
INSERT INTO `repair` VALUES ('95', '180', '95', '木', '其他', '30.520746', '114.366124', '武汉大学工学部学生宿舍15舍', '2021-04-15 05:56:22', '2021-05-29 15:15:09', '1', '1');
INSERT INTO `repair` VALUES ('96', '194', '124', '木', '衣架安装', '30.522704', '114.359966', '武汉大学文理学部学生宿舍11舍', '2021-12-25 17:29:49', '2021-12-30 03:06:21', '1', '1');
INSERT INTO `repair` VALUES ('97', '173', '155', '木', '柜子拉手更换维修', '30.528359', '114.364637', '武汉大学文理学部学生宿舍12舍', '2019-02-23 22:47:23', '2021-12-22 00:35:20', '1', '1');
INSERT INTO `repair` VALUES ('98', '191', '113', '木', '衣架安装', '30.526098', '114.366573', '武汉大学信息学部学生宿舍9舍', '2018-05-18 14:58:04', '2020-06-07 13:30:10', '1', '1');
INSERT INTO `repair` VALUES ('99', '242', '152', '木', '抽屉桌椅更换', '30.521526', '114.364498', '武汉大学文理学部学生宿舍11舍', '2020-06-27 17:54:33', '2021-04-17 23:35:45', '1', '1');
INSERT INTO `repair` VALUES ('100', '207', '118', '木', '门窗加固', '30.524363', '114.363848', '武汉大学信息学部学生宿舍7舍', '2019-10-15 11:17:27', '2020-05-28 14:57:21', '1', '1');
INSERT INTO `repair` VALUES ('101', '221', '98', '木', '衣架安装', '30.525652', '114.368616', '武汉大学信息学部学生宿舍8舍', '2021-01-05 02:21:21', '2021-10-02 09:34:09', '1', '1');
INSERT INTO `repair` VALUES ('102', '236', '155', '木', '门锁维修和更换', '30.523433', '114.369501', '武汉大学文理学部学生宿舍10舍', '2020-05-23 22:58:05', '2021-11-27 02:52:53', '1', '1');
INSERT INTO `repair` VALUES ('103', '237', '116', '木', '门锁维修和更换', '30.520848', '114.368013', '武汉大学文理学部学生宿舍10舍', '2021-10-17 10:21:59', '2021-12-29 02:52:13', '1', '1');
INSERT INTO `repair` VALUES ('104', '180', '108', '木', '门窗固定', '30.523221', '114.361169', '武汉大学文理学部学生宿舍10舍', '2018-07-19 15:27:52', '2020-01-02 15:44:44', '1', '1');
INSERT INTO `repair` VALUES ('105', '232', '162', '木', '柜子拉手更换维修', '30.52414', '114.368323', '武汉大学文理学部学生宿舍11舍', '2021-04-13 10:34:47', '2021-07-04 10:08:15', '1', '1');
INSERT INTO `repair` VALUES ('106', '195', '160', '木', '抽屉桌椅更换', '30.521496', '114.364155', '武汉大学工学部学生宿舍8舍', '2021-01-26 20:41:19', '2021-10-23 02:43:10', '1', '1');
INSERT INTO `repair` VALUES ('107', '236', '135', '木', '玻璃破损维修', '30.525127', '114.364421', '武汉大学工学部学生宿舍15舍', '2018-06-01 11:22:02', '2019-01-14 09:28:07', '1', '1');
INSERT INTO `repair` VALUES ('108', '202', '142', '木', '门锁维修和更换', '30.525916', '114.362748', '武汉大学信息学部学生宿舍9舍', '2021-09-18 09:51:15', '2021-11-23 00:46:52', '1', '1');
INSERT INTO `repair` VALUES ('109', '240', '115', '木', '门窗固定', '30.52128', '114.361052', '武汉大学工学部学生宿舍7舍', '2021-01-16 20:06:57', '2021-05-21 04:29:14', '1', '1');
INSERT INTO `repair` VALUES ('110', '242', '157', '木', '门窗固定', '30.528247', '114.36389', '武汉大学信息学部学生宿舍7舍', '2020-11-13 11:25:59', '2021-01-14 17:18:11', '1', '1');
INSERT INTO `repair` VALUES ('111', '187', '119', '木', '柜子拉手更换维修', '30.527715', '114.360245', '武汉大学文理学部学生宿舍12舍', '2020-06-21 01:24:42', '2021-05-04 14:05:19', '1', '1');
INSERT INTO `repair` VALUES ('112', '188', '117', '木', '玻璃破损维修', '30.528441', '114.367456', '武汉大学工学部学生宿舍8舍', '2021-06-11 14:06:42', '2021-09-09 00:24:41', '1', '1');
INSERT INTO `repair` VALUES ('113', '233', '144', '木', '柜子拉手更换维修', '30.526693', '114.369628', '武汉大学工学部学生宿舍7舍', '2021-01-16 14:45:46', '2021-08-14 09:15:10', '1', '1');
INSERT INTO `repair` VALUES ('114', '212', '104', '木', '门锁维修和更换', '30.520966', '114.360496', '武汉大学工学部学生宿舍15舍', '2018-12-21 07:12:58', '2021-02-07 12:17:20', '1', '1');
INSERT INTO `repair` VALUES ('115', '204', '91', '木', '其他', '30.5226', '114.365272', '武汉大学信息学部学生宿舍9舍', '2019-08-05 05:34:37', '2020-06-21 13:29:32', '1', '1');
INSERT INTO `repair` VALUES ('116', '226', '159', '木', '门锁维修和更换', '30.52707', '114.362023', '武汉大学工学部学生宿舍7舍', '2020-07-03 21:16:30', '2021-02-24 11:04:46', '1', '1');
INSERT INTO `repair` VALUES ('117', '170', '98', '木', '柜子拉手更换维修', '30.524462', '114.365344', '武汉大学文理学部学生宿舍10舍', '2021-01-29 11:15:09', '2021-12-08 11:09:43', '1', '1');
INSERT INTO `repair` VALUES ('118', '170', '127', '木', '其他', '30.522366', '114.362108', '武汉大学医学部学生宿舍3舍', '2018-10-01 21:19:08', '2020-02-14 21:43:15', '1', '1');
INSERT INTO `repair` VALUES ('119', '203', '129', '木', '衣架安装', '30.521591', '114.365197', '武汉大学文理学部学生宿舍12舍', '2021-12-12 23:05:11', '2021-12-18 08:00:46', '1', '1');
INSERT INTO `repair` VALUES ('120', '198', '145', '木', '门锁维修和更换', '30.521663', '114.362414', '武汉大学信息学部学生宿舍7舍', '2020-12-02 22:54:58', '2021-04-07 12:52:14', '1', '1');
INSERT INTO `repair` VALUES ('121', null, '162', '水', '水龙头阀芯更换', '30.522023', '114.359544', '武汉大学医学部学生宿舍1舍', '2019-05-20 02:41:21', null, '1', '1');
INSERT INTO `repair` VALUES ('122', null, '93', '木', '门锁维修和更换', '30.528088', '114.364755', '武汉大学医学部学生宿舍3舍', '2021-05-24 23:00:57', null, '1', '1');
INSERT INTO `repair` VALUES ('123', null, '128', '电', '插座更换', '30.525316', '114.369008', '武汉大学信息学部学生宿舍7舍', '2020-02-06 16:22:59', null, '1', '1');
INSERT INTO `repair` VALUES ('124', null, '147', '水', '水龙头整体更换', '30.526846', '114.369502', '武汉大学医学部学生宿舍3舍', '2018-08-29 05:16:33', null, '0', '0');
INSERT INTO `repair` VALUES ('125', null, '162', '木', '柜子拉手更换维修', '30.523096', '114.363803', '武汉大学信息学部学生宿舍9舍', '2021-10-31 16:15:38', null, '0', '0');
INSERT INTO `repair` VALUES ('126', null, '158', '电', '灯管更换', '30.528094', '114.361039', '武汉大学信息学部学生宿舍9舍', '2020-01-30 09:18:29', null, '0', '0');
INSERT INTO `repair` VALUES ('127', null, '91', '水', '管道堵塞', '30.524164', '114.369437', '武汉大学工学部学生宿舍8舍', '2020-09-12 22:29:50', null, '0', '0');
INSERT INTO `repair` VALUES ('128', null, '143', '木', '其他', '30.525495', '114.363431', '武汉大学工学部学生宿舍7舍', '2021-08-10 13:50:43', null, '0', '0');
INSERT INTO `repair` VALUES ('129', null, '119', '电', '线路铺设', '30.526257', '114.367761', '武汉大学医学部学生宿舍3舍', '2019-03-20 15:33:31', null, '0', '0');
INSERT INTO `repair` VALUES ('130', null, '89', '水', '下水管漏水', '30.52654', '114.362478', '武汉大学文理学部学生宿舍12舍', '2021-05-08 21:04:29', null, '0', '0');
INSERT INTO `repair` VALUES ('131', null, '96', '木', '抽屉桌椅更换', '30.524501', '114.368304', '武汉大学信息学部学生宿舍9舍', '2020-02-14 12:33:18', null, '0', '0');
INSERT INTO `repair` VALUES ('132', null, '128', '电', '风扇维修更换', '30.526165', '114.36539', '武汉大学工学部学生宿舍7舍', '2018-07-28 08:52:14', null, '0', '0');
INSERT INTO `repair` VALUES ('133', null, '165', '水', '冲水阀维修更换', '30.527337', '114.362849', '武汉大学工学部学生宿舍7舍', '2021-01-25 12:43:53', null, '0', '0');
INSERT INTO `repair` VALUES ('134', null, '121', '木', '抽屉桌椅更换', '30.525081', '114.361426', '武汉大学工学部学生宿舍15舍', '2018-09-07 18:31:57', null, '0', '0');
INSERT INTO `repair` VALUES ('135', null, '142', '电', '插座更换', '30.526312', '114.363402', '武汉大学工学部学生宿舍15舍', '2019-01-26 21:55:16', null, '0', '0');
INSERT INTO `repair` VALUES ('136', null, '90', '水', '上水管漏水', '30.522136', '114.362975', '武汉大学信息学部学生宿舍7舍', '2021-07-16 21:42:05', null, '0', '0');
INSERT INTO `repair` VALUES ('137', null, '108', '木', '衣架安装', '30.525016', '114.368624', '武汉大学信息学部学生宿舍8舍', '2021-04-26 22:03:46', null, '0', '0');
INSERT INTO `repair` VALUES ('138', null, '134', '电', '开关维修', '30.522623', '114.368601', '武汉大学信息学部学生宿舍9舍', '2021-05-01 09:41:21', null, '0', '0');
INSERT INTO `repair` VALUES ('139', null, '142', '水', '水龙头整体更换', '30.528304', '114.363905', '武汉大学工学部学生宿舍8舍', '2020-12-08 13:48:52', null, '0', '0');
INSERT INTO `repair` VALUES ('140', null, '159', '木', '门锁维修和更换', '30.528567', '114.367398', '武汉大学文理学部学生宿舍11舍', '2019-04-23 15:30:17', null, '0', '0');
INSERT INTO `repair` VALUES ('141', null, '117', '电', '镇流器更换', '30.521996', '114.363514', '武汉大学信息学部学生宿舍7舍', '2021-12-23 14:39:53', null, '0', '0');
INSERT INTO `repair` VALUES ('142', null, '151', '水', '管道堵塞', '30.52278', '114.360202', '武汉大学医学部学生宿舍2舍', '2018-02-07 03:33:18', null, '0', '0');
INSERT INTO `repair` VALUES ('143', null, '110', '木', '门窗固定', '30.522005', '114.35977', '武汉大学文理学部学生宿舍12舍', '2021-05-04 12:46:01', null, '0', '0');
INSERT INTO `repair` VALUES ('144', null, '94', '电', '插座更换', '30.525549', '114.368107', '武汉大学信息学部学生宿舍9舍', '2019-01-10 07:06:31', null, '0', '0');
INSERT INTO `repair` VALUES ('145', null, '110', '水', '水龙头整体更换', '30.524363', '114.362455', '武汉大学信息学部学生宿舍7舍', '2021-06-03 11:36:22', null, '0', '0');
INSERT INTO `repair` VALUES ('146', null, '132', '木', '其他', '30.526631', '114.36714', '武汉大学信息学部学生宿舍7舍', '2021-08-27 10:13:13', null, '0', '0');
INSERT INTO `repair` VALUES ('147', null, '150', '电', '灯管更换', '30.528044', '114.366134', '武汉大学信息学部学生宿舍9舍', '2020-01-06 16:15:11', null, '0', '0');
INSERT INTO `repair` VALUES ('148', null, '91', '水', '上水管漏水', '30.526909', '114.36089', '武汉大学工学部学生宿舍8舍', '2019-12-04 22:44:17', null, '0', '0');
INSERT INTO `repair` VALUES ('149', null, '121', '木', '门窗固定', '30.526463', '114.362194', '武汉大学文理学部学生宿舍10舍', '2020-02-18 15:10:38', null, '0', '0');
INSERT INTO `repair` VALUES ('150', null, '106', '电', '线路故障排除', '30.526997', '114.361994', '武汉大学信息学部学生宿舍7舍', '2019-01-11 07:10:32', null, '0', '0');
INSERT INTO `repair` VALUES ('151', null, '164', '水', '冲水阀维修更换', '30.527813', '114.364527', '武汉大学工学部学生宿舍7舍', '2020-03-16 20:03:38', null, '0', '0');
INSERT INTO `repair` VALUES ('152', null, '138', '木', '门窗加固', '30.527458', '114.367269', '武汉大学信息学部学生宿舍7舍', '2018-06-17 23:03:05', null, '0', '0');
INSERT INTO `repair` VALUES ('153', null, '102', '电', '线路铺设', '30.524858', '114.364463', '武汉大学工学部学生宿舍8舍', '2020-11-21 15:25:33', null, '0', '0');
INSERT INTO `repair` VALUES ('154', null, '98', '水', '水池更换、维修、固定', '30.520749', '114.362416', '武汉大学文理学部学生宿舍10舍', '2019-07-07 06:50:23', null, '0', '0');
INSERT INTO `repair` VALUES ('155', null, '160', '木', '玻璃破损维修', '30.522619', '114.36975', '武汉大学医学部学生宿舍1舍', '2018-05-14 12:39:34', null, '0', '0');
INSERT INTO `repair` VALUES ('156', null, '98', '电', '风扇维修更换', '30.524193', '114.365761', '武汉大学医学部学生宿舍2舍', '2019-01-06 10:01:59', null, '0', '0');
INSERT INTO `repair` VALUES ('157', null, '105', '水', '阀门更换', '30.527241', '114.366988', '武汉大学文理学部学生宿舍11舍', '2020-08-11 15:12:38', null, '0', '0');
INSERT INTO `repair` VALUES ('158', null, '147', '木', '门窗固定', '30.526393', '114.367932', '武汉大学工学部学生宿舍8舍', '2019-12-27 19:10:00', null, '0', '0');
INSERT INTO `repair` VALUES ('159', null, '115', '电', '线路铺设', '30.524688', '114.362606', '武汉大学工学部学生宿舍8舍', '2018-08-06 23:38:11', null, '0', '0');
INSERT INTO `repair` VALUES ('160', null, '155', '水', '水池更换、维修、固定', '30.524031', '114.360429', '武汉大学信息学部学生宿舍9舍', '2018-08-19 14:54:37', null, '0', '0');
INSERT INTO `repair` VALUES ('161', null, '92', '木', '门锁维修和更换', '30.525749', '114.362373', '武汉大学信息学部学生宿舍7舍', '2021-07-19 10:36:10', null, '0', '0');
INSERT INTO `repair` VALUES ('162', null, '150', '电', '线路故障排除', '30.526007', '114.367603', '武汉大学工学部学生宿舍7舍', '2020-01-28 11:03:50', null, '0', '0');
INSERT INTO `repair` VALUES ('163', null, '134', '水', '地漏杜塞', '30.526352', '114.361963', '武汉大学医学部学生宿舍3舍', '2018-02-13 22:22:48', null, '0', '0');
INSERT INTO `repair` VALUES ('164', null, '97', '木', '门锁维修和更换', '30.52285', '114.361505', '武汉大学信息学部学生宿舍9舍', '2020-11-06 07:31:20', null, '0', '0');
INSERT INTO `repair` VALUES ('165', null, '99', '电', '风扇维修更换', '30.528545', '114.363534', '武汉大学信息学部学生宿舍9舍', '2019-06-04 23:16:44', null, '0', '0');
INSERT INTO `repair` VALUES ('166', null, '149', '水', '冲水阀维修更换', '30.521513', '114.368754', '武汉大学工学部学生宿舍8舍', '2018-03-01 13:14:52', null, '0', '0');
INSERT INTO `repair` VALUES ('167', null, '160', '木', '门锁维修和更换', '30.523835', '114.367015', '武汉大学文理学部学生宿舍11舍', '2021-07-10 08:59:24', null, '0', '0');
INSERT INTO `repair` VALUES ('168', null, '142', '电', '插座更换', '30.525317', '114.361905', '武汉大学信息学部学生宿舍7舍', '2020-07-30 11:27:02', null, '0', '0');
INSERT INTO `repair` VALUES ('169', null, '154', '水', '管道堵塞', '30.523782', '114.363452', '武汉大学信息学部学生宿舍8舍', '2021-10-11 08:31:06', null, '0', '0');
INSERT INTO `repair` VALUES ('170', null, '120', '木', '衣架安装', '30.52132', '114.360913', '武汉大学工学部学生宿舍15舍', '2019-02-27 12:18:07', null, '0', '0');
INSERT INTO `repair` VALUES ('171', null, '100', '电', '镇流器更换', '30.523666', '114.363417', '武汉大学文理学部学生宿舍11舍', '2020-05-17 05:23:37', null, '0', '0');
INSERT INTO `repair` VALUES ('172', null, '95', '水', '阀门更换', '30.52417', '114.360728', '武汉大学工学部学生宿舍8舍', '2020-10-07 13:07:39', null, '0', '0');
INSERT INTO `repair` VALUES ('173', null, '107', '木', '门锁维修和更换', '30.52307', '114.368588', '武汉大学信息学部学生宿舍9舍', '2018-04-28 02:02:33', null, '0', '0');
INSERT INTO `repair` VALUES ('174', null, '136', '电', '插座更换', '30.523798', '114.360154', '武汉大学文理学部学生宿舍10舍', '2021-06-08 12:47:54', null, '0', '0');
INSERT INTO `repair` VALUES ('175', null, '89', '水', '水箱维修更换', '30.525316', '114.36885', '武汉大学工学部学生宿舍7舍', '2021-02-12 04:42:02', null, '0', '0');
INSERT INTO `repair` VALUES ('176', null, '149', '木', '门锁维修和更换', '30.526629', '114.360075', '武汉大学信息学部学生宿舍9舍', '2020-03-31 21:19:01', null, '0', '0');
INSERT INTO `repair` VALUES ('177', null, '135', '电', '插座更换', '30.521421', '114.359941', '武汉大学文理学部学生宿舍11舍', '2018-11-02 09:08:34', null, '0', '0');
INSERT INTO `repair` VALUES ('178', null, '150', '水', '上水管漏水', '30.521466', '114.368106', '武汉大学信息学部学生宿舍8舍', '2018-11-07 14:10:17', null, '0', '0');
INSERT INTO `repair` VALUES ('179', null, '98', '木', '其他', '30.52175', '114.364675', '武汉大学工学部学生宿舍7舍', '2019-11-13 03:51:06', null, '0', '0');
INSERT INTO `repair` VALUES ('180', null, '101', '电', '开关维修', '30.526878', '114.361045', '武汉大学工学部学生宿舍15舍', '2018-09-28 13:11:44', null, '0', '0');
INSERT INTO `repair` VALUES ('181', null, '133', '水', '便池维修，更换', '30.525314', '114.365224', '武汉大学工学部学生宿舍15舍', '2020-02-05 02:23:11', null, '0', '0');
INSERT INTO `repair` VALUES ('182', null, '131', '木', '柜子拉手更换维修', '30.525467', '114.36839', '武汉大学医学部学生宿舍2舍', '2018-01-14 13:38:36', null, '0', '0');
INSERT INTO `repair` VALUES ('183', null, '139', '电', '线路故障排除', '30.523887', '114.367894', '武汉大学工学部学生宿舍15舍', '2021-06-22 01:48:26', null, '0', '0');
INSERT INTO `repair` VALUES ('184', null, '131', '水', '上水管漏水', '30.521313', '114.367237', '武汉大学医学部学生宿舍3舍', '2018-04-17 17:46:27', null, '0', '0');
INSERT INTO `repair` VALUES ('185', null, '159', '木', '门窗固定', '30.523724', '114.359517', '武汉大学信息学部学生宿舍9舍', '2018-06-30 20:23:32', null, '0', '0');
INSERT INTO `repair` VALUES ('186', null, '162', '电', '灯管更换', '30.520952', '114.36287', '武汉大学医学部学生宿舍3舍', '2021-02-17 14:43:06', null, '0', '0');
INSERT INTO `repair` VALUES ('187', null, '114', '水', '水龙头漏水', '30.52483', '114.36147', '武汉大学工学部学生宿舍7舍', '2020-01-08 05:47:02', null, '0', '0');
INSERT INTO `repair` VALUES ('188', null, '128', '木', '玻璃破损维修', '30.528484', '114.364493', '武汉大学文理学部学生宿舍12舍', '2018-06-10 23:32:12', null, '0', '0');
INSERT INTO `repair` VALUES ('189', null, '155', '电', '风扇维修更换', '30.52134', '114.361166', '武汉大学医学部学生宿舍2舍', '2018-07-24 12:59:05', null, '0', '0');
INSERT INTO `repair` VALUES ('190', null, '150', '水', '阀门漏水', '30.525828', '114.369331', '武汉大学信息学部学生宿舍8舍', '2019-06-23 11:37:49', null, '0', '0');
INSERT INTO `repair` VALUES ('191', null, '93', '木', '门窗固定', '30.525652', '114.364196', '武汉大学工学部学生宿舍7舍', '2018-09-28 00:45:43', null, '0', '0');
INSERT INTO `repair` VALUES ('192', null, '163', '电', '其他', '30.525349', '114.367205', '武汉大学信息学部学生宿舍9舍', '2019-04-14 11:57:16', null, '0', '0');
INSERT INTO `repair` VALUES ('193', null, '160', '水', '水池更换、维修、固定', '30.526026', '114.362626', '武汉大学医学部学生宿舍1舍', '2021-07-17 08:15:18', null, '0', '0');
INSERT INTO `repair` VALUES ('194', null, '91', '木', '门窗固定', '30.524513', '114.360689', '武汉大学文理学部学生宿舍10舍', '2021-06-03 19:44:02', null, '0', '0');
INSERT INTO `repair` VALUES ('195', null, '124', '电', '其他', '30.523187', '114.359636', '武汉大学医学部学生宿舍1舍', '2018-05-14 01:58:28', null, '0', '0');
INSERT INTO `repair` VALUES ('196', null, '126', '水', '管道堵塞', '30.528664', '114.368189', '武汉大学工学部学生宿舍7舍', '2018-10-02 19:54:38', null, '0', '0');
INSERT INTO `repair` VALUES ('197', null, '116', '木', '玻璃破损维修', '30.521433', '114.369441', '武汉大学工学部学生宿舍15舍', '2020-04-28 18:26:19', null, '0', '0');
INSERT INTO `repair` VALUES ('198', null, '126', '电', '线路故障排除', '30.525924', '114.365923', '武汉大学医学部学生宿舍3舍', '2020-09-20 08:08:53', null, '0', '0');
INSERT INTO `repair` VALUES ('199', null, '119', '水', '水池更换、维修、固定', '30.522362', '114.359912', '武汉大学工学部学生宿舍7舍', '2019-04-02 19:31:55', null, '0', '0');
INSERT INTO `repair` VALUES ('200', null, '117', '木', '柜子拉手更换维修', '30.524345', '114.368421', '武汉大学文理学部学生宿舍10舍', '2021-05-10 10:46:24', null, '0', '0');
INSERT INTO `repair` VALUES ('201', null, '123', '电', '其他', '30.522483', '114.364362', '武汉大学工学部学生宿舍15舍', '2018-08-25 00:48:03', null, '0', '0');
INSERT INTO `repair` VALUES ('202', null, '134', '水', '管道堵塞', '30.521225', '114.364504', '武汉大学工学部学生宿舍7舍', '2019-01-15 16:03:10', null, '0', '0');
INSERT INTO `repair` VALUES ('203', null, '151', '木', '柜子拉手更换维修', '30.521452', '114.365451', '武汉大学信息学部学生宿舍7舍', '2018-08-21 02:58:04', null, '0', '0');
INSERT INTO `repair` VALUES ('204', null, '145', '电', '灯管更换', '30.527029', '114.367871', '武汉大学医学部学生宿舍1舍', '2021-11-21 13:54:08', null, '0', '0');
INSERT INTO `repair` VALUES ('205', null, '147', '水', '上下水管接口漏水', '30.520765', '114.361658', '武汉大学医学部学生宿舍2舍', '2019-12-17 18:12:09', null, '0', '0');
INSERT INTO `repair` VALUES ('206', null, '148', '木', '其他', '30.527094', '114.367465', '武汉大学文理学部学生宿舍10舍', '2020-12-08 02:31:14', null, '0', '0');
INSERT INTO `repair` VALUES ('214', null, '145', '木', '抽屉桌椅更换', '30.525988', '114.361492', '武汉大学文理学部学生宿舍12舍', '2018-07-21 18:56:30', null, '0', '0');
INSERT INTO `repair` VALUES ('215', '221', '131', '电', '其他', '30.521022', '114.367404', '武汉大学信息学部学生宿舍9舍', '2019-05-12 21:03:26', '2021-12-29 05:33:16', '1', '1');
INSERT INTO `repair` VALUES ('216', '170', '98', '电', '线路故障排除', '30.526075', '114.361683', '武汉大学文理学部学生宿舍10舍', '2018-09-24 18:12:26', '2020-01-11 00:36:09', '1', '1');
INSERT INTO `repair` VALUES ('217', '186', '139', '电', '开关维修', '30.528562', '114.361174', '武汉大学工学部学生宿舍15舍', '2019-05-21 23:31:39', '2021-05-11 01:01:13', '1', '1');
INSERT INTO `repair` VALUES ('218', null, '146', '电', '线路故障排除', '30.524743', '114.364202', '武汉大学工学部学生宿舍8舍', '2019-08-26 02:07:53', null, '0', '0');
INSERT INTO `repair` VALUES ('219', null, '104', '木', '门锁维修和更换', '30.528669', '114.366091', '武汉大学医学部学生宿舍3舍', '2020-08-08 06:46:53', null, '0', '0');
INSERT INTO `repair` VALUES ('220', '241', '108', '水', '水龙头整体更换', '30.526404', '114.367348', '武汉大学医学部学生宿舍2舍', '2021-09-10 20:25:59', '2021-12-03 18:22:51', '1', '1');
INSERT INTO `repair` VALUES ('221', '175', '144', '电', '其他', '30.526357', '114.362294', '武汉大学医学部学生宿舍2舍', '2021-02-21 13:38:34', '2021-03-01 18:22:37', '1', '1');
INSERT INTO `repair` VALUES ('222', null, '124', '电', '其他', '30.522396', '114.366181', '武汉大学文理学部学生宿舍10舍', '2019-05-16 14:16:27', null, '0', '0');
INSERT INTO `repair` VALUES ('223', null, '165', '电', '其他', '30.523651', '114.363128', '武汉大学文理学部学生宿舍10舍', '2018-02-05 15:55:43', null, '0', '0');
INSERT INTO `repair` VALUES ('224', '213', '118', '木', '其他', '30.545917', '114.36675', '武汉大学工学部学生宿舍8舍', '2021-11-13 02:08:14', '2021-12-03 21:45:19', '1', '1');
INSERT INTO `repair` VALUES ('225', null, '95', '电', '镇流器更换', '30.547847', '114.375999', '武汉大学信息学部学生宿舍9舍', '2019-08-27 01:54:44', null, '0', '0');
INSERT INTO `repair` VALUES ('226', '232', '159', '水', '阀门漏水', '30.54897', '114.368688', '武汉大学工学部学生宿舍7舍', '2021-06-25 00:20:10', '2021-11-08 13:35:37', '1', '1');
INSERT INTO `repair` VALUES ('227', null, '153', '水', '上水管漏水', '30.544393', '114.374561', '武汉大学信息学部学生宿舍9舍', '2021-01-16 15:56:04', null, '0', '0');
INSERT INTO `repair` VALUES ('228', null, '152', '木', '门窗固定', '30.546078', '114.371769', '武汉大学文理学部学生宿舍11舍', '2020-03-24 13:04:24', null, '0', '0');
INSERT INTO `repair` VALUES ('229', null, '147', '木', '抽屉桌椅更换', '30.548974', '114.369779', '武汉大学工学部学生宿舍7舍', '2020-05-16 13:04:32', null, '0', '0');
INSERT INTO `repair` VALUES ('230', '218', '144', '水', '下水管漏水', '30.539604', '114.373582', '武汉大学医学部学生宿舍2舍', '2019-09-12 02:21:00', '2019-10-20 12:45:38', '1', '1');
INSERT INTO `repair` VALUES ('231', '208', '106', '水', '水箱维修更换', '30.539439', '114.36875', '武汉大学医学部学生宿舍2舍', '2019-01-31 20:28:03', '2020-09-01 08:59:25', '1', '1');
INSERT INTO `repair` VALUES ('232', '240', '91', '木', '玻璃破损维修', '30.542837', '114.369346', '武汉大学文理学部学生宿舍12舍', '2019-08-11 00:47:59', '2020-07-30 09:47:39', '1', '1');
INSERT INTO `repair` VALUES ('233', '224', '144', '水', '管道堵塞', '30.546498', '114.370374', '武汉大学信息学部学生宿舍7舍', '2018-12-10 21:01:21', '2020-10-31 14:27:19', '1', '1');
INSERT INTO `repair` VALUES ('234', null, '100', '木', '衣架安装', '30.543402', '114.375077', '武汉大学信息学部学生宿舍8舍', '2021-12-08 21:10:55', null, '0', '0');
INSERT INTO `repair` VALUES ('235', null, '126', '木', '门窗固定', '30.539261', '114.376486', '武汉大学工学部学生宿舍15舍', '2021-07-31 12:39:38', null, '0', '0');
INSERT INTO `repair` VALUES ('236', '169', '154', '木', '门锁维修和更换', '30.545455', '114.374105', '武汉大学信息学部学生宿舍7舍', '2021-11-24 21:47:58', '2021-12-26 22:54:04', '1', '1');
INSERT INTO `repair` VALUES ('237', '218', '139', '水', '便池维修，更换', '30.547872', '114.369081', '武汉大学文理学部学生宿舍10舍', '2018-04-07 00:55:36', '2019-02-10 09:57:02', '1', '1');
INSERT INTO `repair` VALUES ('238', null, '162', '电', '开关维修', '30.541493', '114.373507', '武汉大学医学部学生宿舍1舍', '2021-03-06 01:27:50', null, '0', '0');
INSERT INTO `repair` VALUES ('239', null, '140', '木', '抽屉桌椅更换', '30.546729', '114.37525', '武汉大学信息学部学生宿舍9舍', '2020-11-27 02:55:29', null, '0', '0');
INSERT INTO `repair` VALUES ('240', '179', '107', '电', '插座更换', '30.544633', '114.370573', '武汉大学文理学部学生宿舍10舍', '2021-09-02 06:03:10', '2021-10-08 03:54:06', '1', '1');
INSERT INTO `repair` VALUES ('241', '201', '110', '水', '阀门漏水', '30.54251', '114.371554', '武汉大学文理学部学生宿舍10舍', '2020-04-21 06:21:07', '2021-12-11 20:34:15', '1', '1');
INSERT INTO `repair` VALUES ('242', null, '158', '木', '玻璃破损维修', '30.544191', '114.369738', '武汉大学工学部学生宿舍15舍', '2021-12-30 14:15:50', null, '0', '0');
INSERT INTO `repair` VALUES ('243', '204', '132', '电', '镇流器更换', '30.542609', '114.369481', '武汉大学文理学部学生宿舍11舍', '2020-10-10 07:02:49', '2021-09-05 23:03:25', '1', '1');
INSERT INTO `repair` VALUES ('244', '231', '124', '水', '管道堵塞', '30.541575', '114.372481', '武汉大学文理学部学生宿舍10舍', '2021-07-28 07:44:07', '2021-10-23 03:39:13', '1', '1');
INSERT INTO `repair` VALUES ('245', '220', '132', '电', '其他', '30.549139', '114.37398', '武汉大学信息学部学生宿舍7舍', '2020-03-18 14:48:08', '2021-11-14 13:23:07', '1', '1');
INSERT INTO `repair` VALUES ('246', null, '163', '电', '镇流器更换', '30.54177', '114.367067', '武汉大学医学部学生宿舍3舍', '2019-03-19 01:39:55', null, '0', '0');
INSERT INTO `repair` VALUES ('247', '203', '135', '木', '衣架安装', '30.538855', '114.370242', '武汉大学文理学部学生宿舍10舍', '2021-11-02 08:52:57', '2021-12-04 13:12:01', '1', '1');
INSERT INTO `repair` VALUES ('248', '197', '110', '木', '门窗固定', '30.545854', '114.376709', '武汉大学医学部学生宿舍1舍', '2019-10-13 04:05:51', '2020-11-14 00:56:11', '1', '1');
INSERT INTO `repair` VALUES ('249', '187', '162', '电', '开关维修', '30.546403', '114.369607', '武汉大学信息学部学生宿舍8舍', '2019-11-05 06:59:56', '2020-12-09 05:54:06', '1', '1');
INSERT INTO `repair` VALUES ('250', '238', '97', '木', '柜子拉手更换维修', '30.548124', '114.369793', '武汉大学工学部学生宿舍15舍', '2020-04-29 03:37:05', '2020-11-15 12:14:15', '1', '1');
INSERT INTO `repair` VALUES ('251', '245', '134', '水', '上水管漏水', '30.54281', '114.372683', '武汉大学医学部学生宿舍1舍', '2019-06-29 14:13:37', '2020-09-08 07:12:51', '1', '1');
INSERT INTO `repair` VALUES ('252', '235', '120', '木', '门窗加固', '30.543861', '114.368751', '武汉大学信息学部学生宿舍8舍', '2018-03-05 21:41:28', '2019-04-23 19:45:25', '1', '1');
INSERT INTO `repair` VALUES ('253', '175', '91', '水', '阀门更换', '30.542673', '114.367625', '武汉大学信息学部学生宿舍8舍', '2021-01-16 03:37:31', '2021-10-23 00:34:27', '1', '1');
INSERT INTO `repair` VALUES ('254', null, '118', '水', '上水管漏水', '30.547417', '114.367885', '武汉大学文理学部学生宿舍10舍', '2020-04-21 02:55:29', null, '0', '0');
INSERT INTO `repair` VALUES ('255', '195', '117', '电', '线路铺设', '30.545316', '114.36646', '武汉大学工学部学生宿舍7舍', '2020-03-04 10:52:14', '2021-10-09 01:08:48', '1', '1');
INSERT INTO `repair` VALUES ('256', null, '95', '水', '便池维修，更换', '30.547206', '114.36885', '武汉大学工学部学生宿舍15舍', '2018-08-07 22:41:22', null, '0', '0');
INSERT INTO `repair` VALUES ('257', null, '165', '木', '其他', '30.539459', '114.375365', '武汉大学工学部学生宿舍7舍', '2021-05-03 09:42:13', null, '0', '0');
INSERT INTO `repair` VALUES ('258', '246', '97', '水', '管道堵塞', '30.547831', '114.368531', '武汉大学文理学部学生宿舍12舍', '2021-05-02 07:16:46', '2021-07-24 05:15:18', '1', '1');
INSERT INTO `repair` VALUES ('259', null, '98', '电', '镇流器更换', '30.546226', '114.366981', '武汉大学工学部学生宿舍15舍', '2018-05-17 15:14:14', null, '0', '0');
INSERT INTO `repair` VALUES ('260', '196', '133', '电', '线路铺设', '30.548111', '114.372069', '武汉大学文理学部学生宿舍11舍', '2021-09-23 10:18:26', '2021-11-28 17:29:09', '1', '1');
INSERT INTO `repair` VALUES ('261', '224', '136', '电', '镇流器更换', '30.539911', '114.367168', '武汉大学文理学部学生宿舍10舍', '2019-10-17 05:06:43', '2019-12-08 13:16:48', '1', '1');
INSERT INTO `repair` VALUES ('262', null, '166', '电', '线路故障排除', '30.539673', '114.368184', '武汉大学工学部学生宿舍8舍', '2021-11-19 14:44:44', null, '0', '0');
INSERT INTO `repair` VALUES ('263', null, '129', '木', '抽屉桌椅更换', '30.547803', '114.374123', '武汉大学信息学部学生宿舍7舍', '2021-12-08 10:06:53', null, '0', '0');
INSERT INTO `repair` VALUES ('264', null, '129', '电', '灯管更换', '30.540216', '114.375826', '武汉大学文理学部学生宿舍10舍', '2021-01-17 08:54:34', null, '0', '0');
INSERT INTO `repair` VALUES ('265', '199', '132', '水', '上水管漏水', '30.547453', '114.367234', '武汉大学信息学部学生宿舍7舍', '2019-04-19 15:13:50', '2019-06-30 07:41:57', '1', '1');
INSERT INTO `repair` VALUES ('266', '240', '157', '电', '开关维修', '30.548985', '114.367027', '武汉大学工学部学生宿舍15舍', '2021-09-24 06:19:09', '2021-12-01 01:22:27', '1', '1');
INSERT INTO `repair` VALUES ('267', null, '117', '水', '上水管漏水', '30.546751', '114.372892', '武汉大学文理学部学生宿舍11舍', '2018-08-12 16:37:19', null, '0', '0');
INSERT INTO `repair` VALUES ('268', '216', '144', '木', '柜子拉手更换维修', '30.545871', '114.374903', '武汉大学工学部学生宿舍7舍', '2018-04-22 17:45:22', '2019-12-18 07:40:02', '1', '1');
INSERT INTO `repair` VALUES ('269', null, '131', '电', '灯管更换', '30.546395', '114.373546', '武汉大学信息学部学生宿舍9舍', '2020-03-07 04:53:07', null, '0', '0');
INSERT INTO `repair` VALUES ('270', '245', '128', '水', '管道堵塞', '30.548675', '114.367849', '武汉大学工学部学生宿舍7舍', '2020-07-06 23:17:35', '2020-11-24 21:50:02', '1', '1');
INSERT INTO `repair` VALUES ('271', '205', '94', '水', '上水管漏水', '30.542518', '114.369267', '武汉大学工学部学生宿舍15舍', '2019-10-05 18:13:23', '2021-04-20 18:43:09', '1', '1');
INSERT INTO `repair` VALUES ('272', null, '146', '电', '插座更换', '30.549286', '114.369584', '武汉大学医学部学生宿舍1舍', '2021-10-06 14:28:52', null, '0', '0');
INSERT INTO `repair` VALUES ('273', '218', '92', '木', '抽屉桌椅更换', '30.544546', '114.37633', '武汉大学医学部学生宿舍3舍', '2019-03-16 09:54:44', '2020-10-09 10:04:20', '1', '1');
INSERT INTO `repair` VALUES ('274', null, '89', '木', '玻璃破损维修', '30.545427', '114.373041', '武汉大学信息学部学生宿舍8舍', '2020-02-22 05:42:18', null, '0', '0');
INSERT INTO `repair` VALUES ('275', '247', '142', '木', '衣架安装', '30.546924', '114.375327', '武汉大学工学部学生宿舍15舍', '2020-10-22 01:08:05', '2021-07-24 17:19:40', '1', '1');
INSERT INTO `repair` VALUES ('276', null, '149', '电', '灯管更换', '30.54781', '114.376645', '武汉大学工学部学生宿舍8舍', '2021-09-03 17:20:43', null, '0', '0');
INSERT INTO `repair` VALUES ('277', '188', '155', '木', '门锁维修和更换', '30.546529', '114.372475', '武汉大学文理学部学生宿舍12舍', '2021-06-08 07:25:20', '2021-11-05 17:02:59', '1', '1');
INSERT INTO `repair` VALUES ('278', '174', '163', '电', '镇流器更换', '30.543064', '114.371934', '武汉大学工学部学生宿舍7舍', '2020-05-09 16:01:39', '2021-01-13 14:11:13', '1', '1');
INSERT INTO `repair` VALUES ('279', '211', '157', '水', '上下水管更换', '30.539178', '114.376716', '武汉大学文理学部学生宿舍10舍', '2021-01-14 13:44:28', '2021-10-30 04:05:02', '1', '1');
INSERT INTO `repair` VALUES ('280', '178', '89', '木', '门锁维修和更换', '30.549402', '114.375855', '武汉大学工学部学生宿舍15舍', '2019-10-29 17:06:44', '2021-04-02 01:03:18', '1', '1');
INSERT INTO `repair` VALUES ('281', '175', '91', '电', '镇流器更换', '30.546313', '114.372383', '武汉大学医学部学生宿舍1舍', '2018-12-30 06:21:12', '2021-12-09 04:49:26', '1', '1');
INSERT INTO `repair` VALUES ('282', null, '118', '水', '水龙头阀芯更换', '30.539586', '114.372642', '武汉大学信息学部学生宿舍7舍', '2019-10-23 23:12:30', null, '0', '0');
INSERT INTO `repair` VALUES ('283', '207', '89', '水', '下水管漏水', '30.542557', '114.371188', '武汉大学文理学部学生宿舍12舍', '2020-01-23 10:41:01', '2020-06-18 22:29:41', '1', '1');
INSERT INTO `repair` VALUES ('284', '210', '108', '木', '门锁维修和更换', '30.546558', '114.369858', '武汉大学工学部学生宿舍7舍', '2018-11-29 01:30:09', '2019-12-04 19:33:07', '1', '1');
INSERT INTO `repair` VALUES ('285', null, '129', '木', '门窗加固', '30.547559', '114.373177', '武汉大学信息学部学生宿舍8舍', '2021-04-05 04:06:36', null, '0', '0');
INSERT INTO `repair` VALUES ('286', '202', '138', '水', '上下水管更换', '30.54083', '114.368602', '武汉大学文理学部学生宿舍12舍', '2021-01-24 06:45:50', '2021-10-26 14:25:16', '1', '1');
INSERT INTO `repair` VALUES ('287', '193', '157', '电', '其他', '30.546475', '114.376028', '武汉大学医学部学生宿舍3舍', '2021-07-17 12:53:23', '2021-10-16 00:38:14', '1', '1');
INSERT INTO `repair` VALUES ('288', '202', '101', '木', '抽屉桌椅更换', '30.549131', '114.366894', '武汉大学文理学部学生宿舍10舍', '2021-05-07 13:15:45', '2021-08-14 22:13:04', '1', '1');
INSERT INTO `repair` VALUES ('289', '203', '158', '水', '水龙头整体更换', '30.547712', '114.37664', '武汉大学信息学部学生宿舍7舍', '2021-09-21 04:54:37', '2021-10-24 00:10:04', '1', '1');
INSERT INTO `repair` VALUES ('290', '194', '91', '电', '线路铺设', '30.542969', '114.374126', '武汉大学工学部学生宿舍7舍', '2020-03-07 18:14:53', '2021-08-19 16:57:46', '1', '1');
INSERT INTO `repair` VALUES ('291', null, '154', '电', '镇流器更换', '30.547039', '114.376183', '武汉大学信息学部学生宿舍9舍', '2019-06-08 22:35:44', null, '0', '0');
INSERT INTO `repair` VALUES ('292', '194', '153', '木', '抽屉桌椅更换', '30.542034', '114.370136', '武汉大学医学部学生宿舍3舍', '2018-11-09 21:20:25', '2020-01-22 12:40:34', '1', '1');
INSERT INTO `repair` VALUES ('293', '222', '102', '木', '玻璃破损维修', '30.543934', '114.370962', '武汉大学医学部学生宿舍3舍', '2021-04-30 20:08:03', '2021-11-16 14:05:16', '1', '1');
INSERT INTO `repair` VALUES ('294', null, '92', '水', '水箱维修更换', '30.546369', '114.366802', '武汉大学文理学部学生宿舍11舍', '2019-06-30 07:29:49', null, '0', '0');
INSERT INTO `repair` VALUES ('295', null, '135', '木', '抽屉桌椅更换', '30.541264', '114.370465', '武汉大学医学部学生宿舍2舍', '2018-08-21 03:38:51', null, '0', '0');
INSERT INTO `repair` VALUES ('296', '191', '146', '电', '插座更换', '30.541546', '114.374449', '武汉大学信息学部学生宿舍9舍', '2018-04-13 14:58:49', '2020-10-31 04:40:55', '1', '1');
INSERT INTO `repair` VALUES ('297', null, '110', '水', '上下水管更换', '30.544189', '114.371894', '武汉大学信息学部学生宿舍7舍', '2019-02-15 01:32:43', null, '0', '0');
INSERT INTO `repair` VALUES ('298', null, '107', '木', '门窗固定', '30.543479', '114.368291', '武汉大学文理学部学生宿舍11舍', '2018-09-28 12:22:02', null, '0', '0');
INSERT INTO `repair` VALUES ('299', null, '155', '电', '线路故障排除', '30.54874', '114.373929', '武汉大学医学部学生宿舍3舍', '2019-01-11 13:01:11', null, '0', '0');
INSERT INTO `repair` VALUES ('300', null, '104', '电', '插座更换', '30.546477', '114.368963', '武汉大学文理学部学生宿舍10舍', '2019-08-12 16:53:52', null, '0', '0');
INSERT INTO `repair` VALUES ('301', null, '98', '电', '插座更换', '30.541566', '114.368757', '武汉大学信息学部学生宿舍8舍', '2020-12-15 00:03:56', null, '0', '0');
INSERT INTO `repair` VALUES ('302', null, '98', '水', '上水管漏水', '30.542445', '114.375481', '武汉大学信息学部学生宿舍7舍', '2018-11-30 15:56:36', null, '0', '0');
INSERT INTO `repair` VALUES ('303', '174', '108', '木', '衣架安装', '30.549347', '114.372379', '武汉大学工学部学生宿舍8舍', '2021-09-18 06:42:20', '2021-12-30 01:45:49', '1', '1');
INSERT INTO `repair` VALUES ('304', null, '150', '水', '水池更换、维修、固定', '30.547804', '114.371874', '武汉大学医学部学生宿舍2舍', '2018-03-15 11:53:17', null, '0', '0');
INSERT INTO `repair` VALUES ('305', null, '94', '电', '线路铺设', '30.548852', '114.368894', '武汉大学工学部学生宿舍8舍', '2021-09-04 15:12:39', null, '0', '0');
INSERT INTO `repair` VALUES ('306', null, '138', '水', '水箱维修更换', '30.539112', '114.369725', '武汉大学工学部学生宿舍7舍', '2018-02-17 23:49:01', null, '0', '0');
INSERT INTO `repair` VALUES ('307', null, '157', '电', '风扇维修更换', '30.543118', '114.370788', '武汉大学文理学部学生宿舍11舍', '2020-01-29 06:45:18', null, '0', '0');
INSERT INTO `repair` VALUES ('308', null, '164', '水', '阀门漏水', '30.543925', '114.371317', '武汉大学工学部学生宿舍8舍', '2019-10-30 17:21:54', null, '0', '0');
INSERT INTO `repair` VALUES ('309', null, '97', '电', '其他', '30.542713', '114.368173', '武汉大学文理学部学生宿舍10舍', '2019-09-14 20:24:18', null, '0', '0');
INSERT INTO `repair` VALUES ('310', '226', '108', '木', '衣架安装', '30.540526', '114.374408', '武汉大学工学部学生宿舍15舍', '2018-11-18 15:53:14', '2020-02-11 03:37:10', '1', '1');
INSERT INTO `repair` VALUES ('311', '226', '167', '电', '插座更换', '30.54138', '114.371563', '武汉大学文理学部学生宿舍11舍', '2020-11-30 03:39:00', '2021-05-13 07:21:38', '1', '1');
INSERT INTO `repair` VALUES ('312', '192', '155', '水', '上下水管接口漏水', '30.542182', '114.367139', '武汉大学信息学部学生宿舍8舍', '2021-10-26 13:00:57', '2021-11-25 21:42:14', '1', '1');
INSERT INTO `repair` VALUES ('313', null, '127', '木', '玻璃破损维修', '30.548932', '114.372518', '武汉大学文理学部学生宿舍10舍', '2018-03-19 00:39:06', null, '0', '0');

-- ----------------------------
-- Table structure for user
-- ----------------------------
DROP TABLE IF EXISTS `user`;
CREATE TABLE `user` (
  `id` int NOT NULL AUTO_INCREMENT,
  `user_name` varchar(255) CHARACTER SET utf8mb4 COLLATE utf8mb4_unicode_ci NOT NULL COMMENT '工号/学号',
  `password` varchar(255) CHARACTER SET utf8mb4 COLLATE utf8mb4_unicode_ci NOT NULL,
  `real_name` varchar(255) CHARACTER SET utf8mb4 COLLATE utf8mb4_unicode_ci NOT NULL,
  `phone_number` varchar(255) CHARACTER SET utf8mb4 COLLATE utf8mb4_unicode_ci NOT NULL,
  `type` int NOT NULL,
  `address` varchar(255) CHARACTER SET utf8mb4 COLLATE utf8mb4_unicode_ci NOT NULL COMMENT '地址',
  `affiliation` varchar(255) CHARACTER SET utf8mb4 COLLATE utf8mb4_unicode_ci DEFAULT NULL COMMENT '单位',
  PRIMARY KEY (`id`)
) ENGINE=InnoDB AUTO_INCREMENT=269 DEFAULT CHARSET=utf8mb4 COLLATE=utf8mb4_unicode_ci;

-- ----------------------------
-- Records of user
-- ----------------------------
INSERT INTO `user` VALUES ('1', '淇', '123456', '徐淇', '21567', '1', '武汉大学', '信息学部');
INSERT INTO `user` VALUES ('2', '鸣', '123456', '王一鸣', '431551', '1', '武汉大学竹园7舍', '信息学部');
INSERT INTO `user` VALUES ('3', '2019302130011', '123456', '吴弘博', '16164684', '1', '武汉大学信息学部竹园7舍', '信息学部');
INSERT INTO `user` VALUES ('89', 'gdEcYT8o', 'pFSzKx', '阳云', '18200440657', '1', '武汉大学文理学部学生宿舍12舍', '信息学部');
INSERT INTO `user` VALUES ('90', 't8q0mu7j', 'ScZgO4', '佟冷', '18053764757', '1', '武汉大学医学部学生宿舍2舍', '信息学部');
INSERT INTO `user` VALUES ('91', 'pOUZ7FcI', '7fUwbp', '空秋', '15786134337', '1', '武汉大学信息学部学生宿舍7舍', '文理学部');
INSERT INTO `user` VALUES ('92', '8rINlegb', 'vU34Qh', '乐双', '13008175049', '1', '武汉大学医学部学生宿舍2舍', '信息学部');
INSERT INTO `user` VALUES ('93', '6FyP3eok', 'eR5z3S', '蓝年', '13026376406', '1', '武汉大学医学部学生宿舍3舍', '文理学部');
INSERT INTO `user` VALUES ('94', '3nUzKiYb', 'ZCTlWR', '茹空', '13750272425', '1', '武汉大学信息学部学生宿舍7舍', '信息学部');
INSERT INTO `user` VALUES ('95', 'D4JGWFMP', '8OgoCy', '空奚', '13585897030', '1', '武汉大学医学部学生宿舍2舍', '医学部');
INSERT INTO `user` VALUES ('96', 'LfMs5mTU', 'x.PwHY', '爱郁', '18991995162', '1', '武汉大学工学部学生宿舍7舍', '文理学部');
INSERT INTO `user` VALUES ('97', 'QXT7ziO3', 'NFTwYp', '蓝颜', '15108957015', '1', '武汉大学工学部学生宿舍7舍', '工学部');
INSERT INTO `user` VALUES ('98', 'NkxJvXzU', 'ZQzr5L', '萧石', '13762729980', '1', '武汉大学文理学部学生宿舍11舍', '医学部');
INSERT INTO `user` VALUES ('99', 'tsZLbB9o', '4NDt.M', '王奚', '15949434765', '1', '武汉大学信息学部学生宿舍7舍', '工学部');
INSERT INTO `user` VALUES ('100', 'ZjFWwsi9', 'ns.YOU', '郁乐', '15828795404', '1', '武汉大学医学部学生宿舍1舍', '医学部');
INSERT INTO `user` VALUES ('101', 'AxIY27me', 'kxf70D', '颜冷', '15858790128', '1', '武汉大学医学部学生宿舍1舍', '信息学部');
INSERT INTO `user` VALUES ('102', 'HpCGgyPw', '42.TCF', '阳秋', '18810350194', '1', '武汉大学工学部学生宿舍8舍', '文理学部');
INSERT INTO `user` VALUES ('103', 'HO0bnTAv', 'ZKMOfY', '爱阳', '17834108651', '1', '武汉大学文理学部学生宿舍10舍', '工学部');
INSERT INTO `user` VALUES ('104', 'oYKJM3y6', 'gnQM0P', '佟华', '18625648231', '1', '武汉大学文理学部学生宿舍11舍', '信息学部');
INSERT INTO `user` VALUES ('105', 'nPLI1GN5', 'IZJ8Wm', '冷阳', '18797268603', '1', '武汉大学医学部学生宿舍2舍', '工学部');
INSERT INTO `user` VALUES ('106', 'xMI76Ksn', 'XJEUTf', '柏空', '15088584372', '1', '武汉大学医学部学生宿舍1舍', '工学部');
INSERT INTO `user` VALUES ('107', 'JcgAa08r', 'HbitL.', '石秋', '13576001635', '1', '武汉大学文理学部学生宿舍12舍', '文理学部');
INSERT INTO `user` VALUES ('108', 'tUWCPN4A', '05ZL1E', '柏云', '17867867570', '1', '武汉大学文理学部学生宿舍12舍', '工学部');
INSERT INTO `user` VALUES ('109', '0JQCHN4c', 'RCoHEZ', '年蓝', '18711616695', '1', '武汉大学工学部学生宿舍15舍', '医学部');
INSERT INTO `user` VALUES ('110', 'MwglRhdr', 'DgrEj8', '乐蓝', '18381801206', '1', '武汉大学文理学部学生宿舍11舍', '工学部');
INSERT INTO `user` VALUES ('111', 'R6HqGOFn', 'mTQHz2', '蓝云', '13486453019', '1', '武汉大学文理学部学生宿舍11舍', '工学部');
INSERT INTO `user` VALUES ('112', 'k3lYdtrv', 'pNv1HX', '佟颜', '18115391776', '1', '武汉大学工学部学生宿舍7舍', '信息学部');
INSERT INTO `user` VALUES ('113', 'Myi8Ik10', 'WEZMG4', '蓝阳', '18440264834', '1', '武汉大学工学部学生宿舍8舍', '文理学部');
INSERT INTO `user` VALUES ('114', 'FsLlKkmI', 'NEtKQp', '茹冷', '15128490870', '1', '武汉大学医学部学生宿舍1舍', '信息学部');
INSERT INTO `user` VALUES ('115', 'gsIMPwoi', '_y2xvr', '夏郁', '13549814888', '1', '武汉大学文理学部学生宿舍12舍', '医学部');
INSERT INTO `user` VALUES ('116', 'gwlVBRQI', 'G3rvfF', '佟夏', '15863050969', '1', '武汉大学文理学部学生宿舍10舍', '信息学部');
INSERT INTO `user` VALUES ('117', 'eh9A10xr', 'cNnWU3', '乐双', '18158123707', '1', '武汉大学医学部学生宿舍3舍', '医学部');
INSERT INTO `user` VALUES ('118', 'irNqPJHs', '.YLKdE', '爱佟', '13984415764', '1', '武汉大学信息学部学生宿舍7舍', '工学部');
INSERT INTO `user` VALUES ('119', '1Rwc4fVI', 'uiNdP8', '茹云', '13066780275', '1', '武汉大学医学部学生宿舍3舍', '医学部');
INSERT INTO `user` VALUES ('120', 'TJ9jKeHD', 'O9qbIY', '冷蓝', '13484997121', '1', '武汉大学工学部学生宿舍8舍', '文理学部');
INSERT INTO `user` VALUES ('121', '9JVsQatc', 'QwErBF', '秋华', '18105648042', '1', '武汉大学医学部学生宿舍2舍', '文理学部');
INSERT INTO `user` VALUES ('122', 'voTlYEkx', 'OVziFy', '王石', '15253069338', '1', '武汉大学信息学部学生宿舍8舍', '文理学部');
INSERT INTO `user` VALUES ('123', 'rNtM1Xjn', '3IqEHX', '茹萧', '18828764284', '1', '武汉大学工学部学生宿舍8舍', '工学部');
INSERT INTO `user` VALUES ('124', 'RqWv6b1d', '1dxEuM', '王冷', '15921790241', '1', '武汉大学文理学部学生宿舍10舍', '工学部');
INSERT INTO `user` VALUES ('125', '1F7lZcRj', 'r6mPwO', '蓝王', '15213930200', '1', '武汉大学信息学部学生宿舍8舍', '医学部');
INSERT INTO `user` VALUES ('126', '57gmXHKn', '_qizUY', '佟冷', '13286119559', '1', '武汉大学工学部学生宿舍15舍', '医学部');
INSERT INTO `user` VALUES ('127', '2jVePlTw', '7nPZGD', '佟冷', '15334060319', '1', '武汉大学文理学部学生宿舍10舍', '工学部');
INSERT INTO `user` VALUES ('128', 'YVzPjtLX', 'MoY.B0', '奚秋', '13442407288', '1', '武汉大学医学部学生宿舍1舍', '文理学部');
INSERT INTO `user` VALUES ('129', 'LseyoxVD', 'Ow3Va2', '茹华', '15652534235', '1', '武汉大学医学部学生宿舍3舍', '工学部');
INSERT INTO `user` VALUES ('130', 'Lpg6DxYK', 'VFtPOb', '双冷', '13291874856', '1', '武汉大学工学部学生宿舍15舍', '文理学部');
INSERT INTO `user` VALUES ('131', 'jWGw0B7g', 'ohZ1Dl', '年蓝', '15977396651', '1', '武汉大学文理学部学生宿舍11舍', '文理学部');
INSERT INTO `user` VALUES ('132', 'ThegER9K', '0RKuos', '茹冷', '13241617742', '1', '武汉大学信息学部学生宿舍7舍', '工学部');
INSERT INTO `user` VALUES ('133', 'KJOVEYxj', 'IkfQFg', '郁云', '13024594220', '1', '武汉大学工学部学生宿舍7舍', '医学部');
INSERT INTO `user` VALUES ('134', 'F7f3Cyhj', 'NsB1cn', '年云', '13155649815', '1', '武汉大学文理学部学生宿舍10舍', '信息学部');
INSERT INTO `user` VALUES ('135', 'K4ezL6Mb', 'ch7LIQ', '双奚', '13568483974', '1', '武汉大学工学部学生宿舍15舍', '医学部');
INSERT INTO `user` VALUES ('136', '3dXygzQ5', 'eKzP2Z', '颜王', '17693721607', '1', '武汉大学医学部学生宿舍3舍', '文理学部');
INSERT INTO `user` VALUES ('137', 'AvW7tbeQ', 'G.lWD9', '茹双', '18640418803', '1', '武汉大学医学部学生宿舍2舍', '文理学部');
INSERT INTO `user` VALUES ('138', 'kqGxHw1Q', '0Zg4_G', '佟华', '13050665574', '1', '武汉大学信息学部学生宿舍9舍', '信息学部');
INSERT INTO `user` VALUES ('139', 'HPbf4Lyl', 'oqvgEI', '冷柏', '18429478789', '1', '武汉大学医学部学生宿舍3舍', '信息学部');
INSERT INTO `user` VALUES ('140', 'zQmDhA3J', 'uNcVsx', '华柏', '18524119922', '1', '武汉大学工学部学生宿舍8舍', '信息学部');
INSERT INTO `user` VALUES ('141', 'msw9FARi', 'Vf.b5q', '双华', '18488516027', '1', '武汉大学信息学部学生宿舍9舍', '文理学部');
INSERT INTO `user` VALUES ('142', 'DUJ4xW2z', '93wXzL', '空萧', '18575614807', '1', '武汉大学文理学部学生宿舍12舍', '工学部');
INSERT INTO `user` VALUES ('143', '8LRnQMzp', 'AZXl68', '云石', '13037225200', '1', '武汉大学工学部学生宿舍7舍', '信息学部');
INSERT INTO `user` VALUES ('144', '7smc1Ofv', 'd30Zl5', '云颜', '13620980204', '1', '武汉大学工学部学生宿舍15舍', '文理学部');
INSERT INTO `user` VALUES ('145', 'Mrc8ZvHT', 'Tw_2A3', '云奚', '15299283202', '1', '武汉大学医学部学生宿舍3舍', '信息学部');
INSERT INTO `user` VALUES ('146', 'shnZp3V9', '_CVPja', '华冷', '13013430798', '1', '武汉大学工学部学生宿舍15舍', '医学部');
INSERT INTO `user` VALUES ('147', 'UiQ0uKAZ', 'T3GuwP', '萧华', '15946939428', '1', '武汉大学文理学部学生宿舍12舍', '文理学部');
INSERT INTO `user` VALUES ('148', 'dYKBPqSF', 'U_.QEY', '空柏', '18479655240', '1', '武汉大学工学部学生宿舍15舍', '医学部');
INSERT INTO `user` VALUES ('149', '7juOqvM4', 'V4d.T6', '云夏', '18488821037', '1', '武汉大学信息学部学生宿舍7舍', '文理学部');
INSERT INTO `user` VALUES ('150', 'pumEOjBo', '_AanJg', '空石', '13256150786', '1', '武汉大学信息学部学生宿舍8舍', '信息学部');
INSERT INTO `user` VALUES ('151', 'Jjz4TVtE', '01TxLR', '佟颜', '18486369575', '1', '武汉大学文理学部学生宿舍10舍', '医学部');
INSERT INTO `user` VALUES ('152', 'HmIhOJNe', 'KNqxcU', '王空', '15706635430', '1', '武汉大学医学部学生宿舍2舍', '信息学部');
INSERT INTO `user` VALUES ('153', 'I3klRxSJ', 'QYDbPM', '夏空', '18398756686', '1', '武汉大学工学部学生宿舍7舍', '工学部');
INSERT INTO `user` VALUES ('154', 'BX8Vem4f', 'xQrA9.', '空蓝', '13397159945', '1', '武汉大学文理学部学生宿舍12舍', '工学部');
INSERT INTO `user` VALUES ('155', 'CZMReYkx', 'GPt.lR', '颜秋', '18361229594', '1', '武汉大学工学部学生宿舍8舍', '文理学部');
INSERT INTO `user` VALUES ('156', 'vms9ZV7u', 'KToRBS', '萧茹', '15369394314', '1', '武汉大学医学部学生宿舍1舍', '文理学部');
INSERT INTO `user` VALUES ('157', 'knEQfOos', 'nywo.z', '爱王', '13149948172', '1', '武汉大学医学部学生宿舍3舍', '工学部');
INSERT INTO `user` VALUES ('158', 'd3u8aSVR', 'Spr91L', '阳年', '17858488773', '1', '武汉大学医学部学生宿舍3舍', '文理学部');
INSERT INTO `user` VALUES ('159', 'pIx7zMmr', 'Xnuh4.', '双蓝', '18454509031', '1', '武汉大学医学部学生宿舍2舍', '医学部');
INSERT INTO `user` VALUES ('160', 'JkSBLTFK', 'uq0gM1', '郁年', '17680973388', '1', '武汉大学文理学部学生宿舍12舍', '工学部');
INSERT INTO `user` VALUES ('161', 'SFAwbUpY', 'PYOfDs', '阳石', '18278120471', '1', '武汉大学信息学部学生宿舍7舍', '文理学部');
INSERT INTO `user` VALUES ('162', 'YsKnhLRd', 'Z6HESL', '爱郁', '18340261195', '1', '武汉大学医学部学生宿舍3舍', '医学部');
INSERT INTO `user` VALUES ('163', 'kX8I7GKp', 'epywSC', '萧郁', '18029869077', '1', '武汉大学信息学部学生宿舍7舍', '医学部');
INSERT INTO `user` VALUES ('164', 'kmjhMyq2', '8RJmfd', '茹王', '17806893590', '1', '武汉大学医学部学生宿舍3舍', '工学部');
INSERT INTO `user` VALUES ('165', 'LGmwv2V5', 'a5i8Og', '萧云', '13816196661', '1', '武汉大学文理学部学生宿舍12舍', '医学部');
INSERT INTO `user` VALUES ('166', 'XOavGkgi', 'I9NfB0', '爱佟', '18779819713', '1', '武汉大学信息学部学生宿舍7舍', '文理学部');
INSERT INTO `user` VALUES ('167', 'XCS8zdvq', 'ht.mSk', '爱佟', '17776461177', '1', '武汉大学信息学部学生宿舍9舍', '信息学部');
INSERT INTO `user` VALUES ('168', 'mrnQJfOv', 'sB73al', '华空', '13987887545', '1', '武汉大学医学部学生宿舍2舍', '工学部');
INSERT INTO `user` VALUES ('169', 'Bui5olG9', 'TIDVl9', '阳佟双', '18811022593', '2', '武汉大学信息学部学生宿舍9舍', '信息学部');
INSERT INTO `user` VALUES ('170', 'EUz53QYa', '6rzW.f', '佟空乐', '18062411763', '2', '武汉大学文理学部学生宿舍12舍', '工学部');
INSERT INTO `user` VALUES ('171', 'eQJ1nPVs', 'z_nv0B', '云郁秋', '15392433222', '2', '武汉大学工学部学生宿舍7舍', '文理学部');
INSERT INTO `user` VALUES ('172', 'sJoiypEH', 'mpT6.w', '空阳双', '13560368267', '2', '武汉大学信息学部学生宿舍9舍', '信息学部');
INSERT INTO `user` VALUES ('173', 'yZnuXeLw', '5zlgDi', '奚佟乐', '13333561510', '2', '武汉大学工学部学生宿舍15舍', '医学部');
INSERT INTO `user` VALUES ('174', 'KCEWGdAq', 'XyFH03', '乐颜柏', '15577411014', '2', '武汉大学工学部学生宿舍7舍', '文理学部');
INSERT INTO `user` VALUES ('175', '6vNDTLaA', '6RKnfb', '冷年石', '15512183643', '2', '武汉大学文理学部学生宿舍12舍', '医学部');
INSERT INTO `user` VALUES ('176', '7CTKyrAV', 'lKuDig', '颜年乐', '15172999695', '2', '武汉大学文理学部学生宿舍10舍', '信息学部');
INSERT INTO `user` VALUES ('177', 'HNh0QDou', 'WNK37Y', '爱夏郁', '13357226015', '2', '武汉大学信息学部学生宿舍8舍', '医学部');
INSERT INTO `user` VALUES ('178', 'JknD8Qd1', 'iAtqx8', '王茹郁', '13188295638', '2', '武汉大学信息学部学生宿舍7舍', '医学部');
INSERT INTO `user` VALUES ('179', 'My1xfuvR', 'kwgOFM', '秋冷奚', '18783915300', '2', '武汉大学信息学部学生宿舍8舍', '医学部');
INSERT INTO `user` VALUES ('180', 'A0mRknvj', 'sZGmcA', '双云秋', '17634826153', '2', '武汉大学医学部学生宿舍3舍', '信息学部');
INSERT INTO `user` VALUES ('181', '0R61ldVh', 'd.L40f', '乐爱年', '15324133606', '2', '武汉大学信息学部学生宿舍7舍', '医学部');
INSERT INTO `user` VALUES ('182', 'W2foOpwa', 'PJyFoc', '爱阳奚', '18878747931', '2', '武汉大学信息学部学生宿舍9舍', '医学部');
INSERT INTO `user` VALUES ('183', 'DvGTwdyA', 'UXOTk5', '秋爱空', '18564525784', '2', '武汉大学工学部学生宿舍8舍', '信息学部');
INSERT INTO `user` VALUES ('184', 'MPOpwxHm', 'RexoQs', '夏空柏', '13830892855', '2', '武汉大学医学部学生宿舍1舍', '文理学部');
INSERT INTO `user` VALUES ('185', 'm48P2Bht', '_u7h9Y', '秋王郁', '15379554651', '2', '武汉大学文理学部学生宿舍12舍', '医学部');
INSERT INTO `user` VALUES ('186', '7ln38ATk', 'sc30v_', '秋奚王', '17676696199', '2', '武汉大学工学部学生宿舍8舍', '工学部');
INSERT INTO `user` VALUES ('187', 'wQbfPA0T', '3FjW7O', '年秋冷', '15064137593', '2', '武汉大学工学部学生宿舍8舍', '工学部');
INSERT INTO `user` VALUES ('188', '3O5Ip9nf', '_jIXtz', '夏乐奚', '13316209078', '2', '武汉大学文理学部学生宿舍12舍', '工学部');
INSERT INTO `user` VALUES ('189', 'aNp1Xwgm', 'sCLiOx', '茹柏夏', '18585357451', '2', '武汉大学信息学部学生宿舍7舍', '工学部');
INSERT INTO `user` VALUES ('190', '5BCKkIm9', 'SgIuq3', '空爱王', '13594620214', '2', '武汉大学医学部学生宿舍2舍', '文理学部');
INSERT INTO `user` VALUES ('191', 'F4VsGYb8', 'f3H6Kt', '爱冷云', '13538819055', '2', '武汉大学医学部学生宿舍3舍', '信息学部');
INSERT INTO `user` VALUES ('192', 'eFmbuQGf', '7KcUS9', '阳冷奚', '13248495187', '2', '武汉大学工学部学生宿舍7舍', '信息学部');
INSERT INTO `user` VALUES ('193', 'AS65pPr4', 'HZdDXs', '茹华石', '18456442530', '2', '武汉大学文理学部学生宿舍11舍', '信息学部');
INSERT INTO `user` VALUES ('194', 'QtTa0omE', 'PGypJz', '奚云萧', '15258296177', '2', '武汉大学信息学部学生宿舍9舍', '信息学部');
INSERT INTO `user` VALUES ('195', '8qfHs3Ta', 'KTWGhN', '萧阳奚', '18324185348', '2', '武汉大学医学部学生宿舍3舍', '工学部');
INSERT INTO `user` VALUES ('196', 'iNbetRh1', 'wn_fHe', '柏蓝王', '18334479920', '2', '武汉大学信息学部学生宿舍7舍', '工学部');
INSERT INTO `user` VALUES ('197', 'BiA5qsmR', '6WHt4Z', '双秋乐', '18330140821', '2', '武汉大学医学部学生宿舍1舍', '工学部');
INSERT INTO `user` VALUES ('198', 'NeA1wIso', 'qWZgu.', '阳柏萧', '15317298552', '2', '武汉大学工学部学生宿舍7舍', '医学部');
INSERT INTO `user` VALUES ('199', 'EfnMpzvX', 'XIwoeh', '云石华', '18473546895', '2', '武汉大学工学部学生宿舍15舍', '信息学部');
INSERT INTO `user` VALUES ('200', 'KYNG2b9m', '6ufer2', '颜阳乐', '13451590003', '2', '武汉大学工学部学生宿舍7舍', '文理学部');
INSERT INTO `user` VALUES ('201', '4F1spmy2', 'XY2_Nk', '乐奚王', '15341813499', '2', '武汉大学信息学部学生宿舍8舍', '文理学部');
INSERT INTO `user` VALUES ('202', '5IZj80ul', 'bMneKh', '冷王云', '15623330150', '2', '武汉大学工学部学生宿舍15舍', '医学部');
INSERT INTO `user` VALUES ('203', '0opftvJd', 'gmPjwF', '阳乐冷', '13457757253', '2', '武汉大学文理学部学生宿舍10舍', '工学部');
INSERT INTO `user` VALUES ('204', 'q2yDavgO', 'Fyht53', '云王夏', '13350786026', '2', '武汉大学文理学部学生宿舍11舍', '医学部');
INSERT INTO `user` VALUES ('205', 'uArkiCXR', 'DpWIwf', '双冷年', '18098054212', '2', '武汉大学医学部学生宿舍3舍', '信息学部');
INSERT INTO `user` VALUES ('206', 'YuX7jmfS', 'qs.6Sc', '奚爱颜', '15685083847', '2', '武汉大学文理学部学生宿舍11舍', '医学部');
INSERT INTO `user` VALUES ('207', 'DdZaLjwu', 'lnIuBE', '郁奚双', '18717760959', '2', '武汉大学医学部学生宿舍2舍', '工学部');
INSERT INTO `user` VALUES ('208', '5MiFxguK', 'lstzNB', '爱夏秋', '13584912806', '2', '武汉大学文理学部学生宿舍11舍', '医学部');
INSERT INTO `user` VALUES ('209', 'P8cG0mjV', 'Sdv4Jo', '乐双蓝', '13484212411', '2', '武汉大学信息学部学生宿舍8舍', '信息学部');
INSERT INTO `user` VALUES ('210', 'v2LrVadj', 'BkSmUs', '云茹蓝', '13587730657', '2', '武汉大学文理学部学生宿舍12舍', '工学部');
INSERT INTO `user` VALUES ('211', 'ECmWSybL', 'NhtK6x', '云空蓝', '15801509676', '2', '武汉大学医学部学生宿舍1舍', '信息学部');
INSERT INTO `user` VALUES ('212', 'Mb9coU5u', 'U3Nu5E', '奚萧阳', '17613527435', '2', '武汉大学医学部学生宿舍1舍', '信息学部');
INSERT INTO `user` VALUES ('213', 'EF2OIkj7', 'Fx0mRS', '王蓝空', '18787009631', '2', '武汉大学工学部学生宿舍8舍', '文理学部');
INSERT INTO `user` VALUES ('214', 'qmK87pTd', 'SAMzy8', '奚乐爱', '18934391376', '2', '武汉大学工学部学生宿舍7舍', '工学部');
INSERT INTO `user` VALUES ('215', 'h8PU0ewi', 'nhaIgY', '夏佟乐', '18784874341', '2', '武汉大学信息学部学生宿舍7舍', '文理学部');
INSERT INTO `user` VALUES ('216', '4IL7myWc', 'iVL3G9', '柏阳奚', '18608668584', '2', '武汉大学工学部学生宿舍15舍', '信息学部');
INSERT INTO `user` VALUES ('217', '7MqGaJnA', 'BqJQj9', '冷蓝佟', '18627321293', '2', '武汉大学医学部学生宿舍3舍', '医学部');
INSERT INTO `user` VALUES ('218', 'LgUOGSXx', 'NHQkpv', '王颜奚', '18339839630', '2', '武汉大学医学部学生宿舍2舍', '工学部');
INSERT INTO `user` VALUES ('219', 'KELbqMm5', 'Xq2KNa', '秋阳冷', '18707201260', '2', '武汉大学文理学部学生宿舍11舍', '文理学部');
INSERT INTO `user` VALUES ('220', '4kpy53Wx', 'MyR9T6', '爱柏颜', '13428710922', '2', '武汉大学文理学部学生宿舍12舍', '信息学部');
INSERT INTO `user` VALUES ('221', 'TPCYQslu', 'b84aSX', '云乐颜', '18832251656', '2', '武汉大学医学部学生宿舍1舍', '工学部');
INSERT INTO `user` VALUES ('222', 'yOErenUq', 'ngh1Z0', '王颜石', '13111938733', '2', '武汉大学文理学部学生宿舍10舍', '信息学部');
INSERT INTO `user` VALUES ('223', 'r5aSI7co', 'UCbt1L', '蓝秋王', '13065012077', '2', '武汉大学文理学部学生宿舍10舍', '文理学部');
INSERT INTO `user` VALUES ('224', 'jRl30eNV', 'eahgwv', '郁佟石', '15579928155', '2', '武汉大学文理学部学生宿舍10舍', '医学部');
INSERT INTO `user` VALUES ('225', 'RwuDJOWC', 'RUM98e', '爱乐冷', '13572828312', '2', '武汉大学信息学部学生宿舍8舍', '信息学部');
INSERT INTO `user` VALUES ('226', 'zip709LM', 'n.0IE8', '华双年', '15706147975', '2', '武汉大学文理学部学生宿舍12舍', '文理学部');
INSERT INTO `user` VALUES ('227', 'Bekf3LbZ', 'WyDaxX', '乐爱佟', '13356194074', '2', '武汉大学文理学部学生宿舍10舍', '工学部');
INSERT INTO `user` VALUES ('228', 'nXsgON1q', '1h2las', '蓝年云', '18331207088', '2', '武汉大学医学部学生宿舍2舍', '医学部');
INSERT INTO `user` VALUES ('229', 'iyCdBj0l', 'Z0n5N3', '蓝茹王', '13406967262', '2', '武汉大学信息学部学生宿舍9舍', '文理学部');
INSERT INTO `user` VALUES ('230', 'FrhOpENM', '3f.YJX', '佟空双', '18346907716', '2', '武汉大学医学部学生宿舍2舍', '文理学部');
INSERT INTO `user` VALUES ('231', 'vcRExebp', 'MRJVkp', '双郁云', '18506750537', '2', '武汉大学文理学部学生宿舍11舍', '文理学部');
INSERT INTO `user` VALUES ('232', 'eC12HFTd', 'PZhqyM', '夏奚云', '13412725161', '2', '武汉大学信息学部学生宿舍9舍', '医学部');
INSERT INTO `user` VALUES ('233', 'sSkRBpwa', 'BiLupM', '夏年阳', '18274988288', '2', '武汉大学文理学部学生宿舍10舍', '工学部');
INSERT INTO `user` VALUES ('234', '9obepdL1', 'o4uR1s', '柏夏茹', '18646983635', '2', '武汉大学文理学部学生宿舍12舍', '医学部');
INSERT INTO `user` VALUES ('235', 'oZX1gOrs', 'U4Qux3', '冷王双', '18844357316', '2', '武汉大学信息学部学生宿舍7舍', '信息学部');
INSERT INTO `user` VALUES ('236', 'Q2fSPBbt', '6rcSAh', '年柏双', '18340168592', '2', '武汉大学文理学部学生宿舍11舍', '文理学部');
INSERT INTO `user` VALUES ('237', 'GuhwA0D6', '7HKYNd', '石冷颜', '18918039039', '2', '武汉大学文理学部学生宿舍12舍', '工学部');
INSERT INTO `user` VALUES ('238', 'SUkwVs9p', 'Nlf_sQ', '冷华年', '13142548206', '2', '武汉大学文理学部学生宿舍10舍', '信息学部');
INSERT INTO `user` VALUES ('239', '4gd69cOe', 'k04oPq', '萧爱颜', '15097913289', '2', '武汉大学医学部学生宿舍3舍', '文理学部');
INSERT INTO `user` VALUES ('240', '2t6RfZOA', 'OQzMnF', '柏华奚', '15113361838', '2', '武汉大学工学部学生宿舍15舍', '信息学部');
INSERT INTO `user` VALUES ('241', 'IBk86gGC', 'Z39iQ.', '柏茹王', '13512793049', '2', '武汉大学工学部学生宿舍7舍', '信息学部');
INSERT INTO `user` VALUES ('242', 'rUZAbY5W', 'iz4_ge', '夏阳蓝', '18286256606', '2', '武汉大学工学部学生宿舍7舍', '信息学部');
INSERT INTO `user` VALUES ('243', 'Uwlp4Exo', 'fCl5p_', '空秋郁', '18039794170', '2', '武汉大学工学部学生宿舍7舍', '医学部');
INSERT INTO `user` VALUES ('244', 'QEYqMGdT', 'm8QR2I', '秋乐双', '15238377618', '2', '武汉大学医学部学生宿舍3舍', '工学部');
INSERT INTO `user` VALUES ('245', 'bIsPMQo7', 'g2j_VF', '蓝阳佟', '13183091800', '2', '武汉大学文理学部学生宿舍11舍', '工学部');
INSERT INTO `user` VALUES ('246', 'vEjKsyum', 'YKfVNo', '爱石云', '15184082560', '2', '武汉大学医学部学生宿舍2舍', '医学部');
INSERT INTO `user` VALUES ('247', 'VElua0Z5', 'Q74.lp', '夏郁冷', '15183160405', '2', '武汉大学医学部学生宿舍1舍', '工学部');
INSERT INTO `user` VALUES ('248', 'QSpzsgab', 'Ifmc7a', '郁佟冷', '15241599603', '2', '武汉大学信息学部学生宿舍9舍', '信息学部');
INSERT INTO `user` VALUES ('249', 'c6twCJOR', 'yjth4c', '爱秋颜', '15308520967', '2', '武汉大学工学部学生宿舍8舍', '工学部');
INSERT INTO `user` VALUES ('250', 'HsCpUDbe', 'kFzRLx', '王奚爱', '18237437701', '2', '武汉大学信息学部学生宿舍9舍', '工学部');
INSERT INTO `user` VALUES ('251', 'EeIYlh07', 'NEnsQt', '郁冷萧', '15529691410', '2', '武汉大学文理学部学生宿舍12舍', '信息学部');
INSERT INTO `user` VALUES ('252', '7FMHX3k0', '0ZsHIx', '石乐夏', '18994086939', '2', '武汉大学文理学部学生宿舍10舍', '工学部');
INSERT INTO `user` VALUES ('253', 'rVs9Wx2k', 'HWqJPU', '乐双蓝', '15913028182', '2', '武汉大学医学部学生宿舍2舍', '工学部');
INSERT INTO `user` VALUES ('254', 'BNkTYM2L', 'mCqNvR', '秋奚柏', '15220385172', '2', '武汉大学工学部学生宿舍7舍', '医学部');
INSERT INTO `user` VALUES ('255', 'lvLUBGWr', 'yEoDf1', '阳夏冷', '17621246485', '2', '武汉大学信息学部学生宿舍9舍', '工学部');
INSERT INTO `user` VALUES ('256', 'P9hsC7br', 'L38zbg', '华冷佟', '15782111744', '2', '武汉大学工学部学生宿舍8舍', '医学部');
INSERT INTO `user` VALUES ('257', 'gZxPCHB0', 'HUXT0L', '郁乐萧', '18007709778', '2', '武汉大学医学部学生宿舍3舍', '信息学部');
INSERT INTO `user` VALUES ('258', 'MQRfIm7J', 'GUE5r6', '石佟乐', '18913490261', '2', '武汉大学工学部学生宿舍15舍', '信息学部');
INSERT INTO `user` VALUES ('259', 'OpuCQPvU', 'z_jc0E', '冷茹秋', '18274183882', '2', '武汉大学文理学部学生宿舍12舍', '文理学部');
INSERT INTO `user` VALUES ('260', 'tZY86Qjw', 'rkZXlH', '王华颜', '13968367803', '2', '武汉大学工学部学生宿舍8舍', '工学部');
INSERT INTO `user` VALUES ('261', 'zMt8hTZe', 'd4wT5_', '乐萧茹', '13663535430', '2', '武汉大学医学部学生宿舍2舍', '信息学部');
INSERT INTO `user` VALUES ('262', '5UiYFGNm', 'Nx9MRw', '年冷空', '15560907273', '2', '武汉大学文理学部学生宿舍10舍', '文理学部');
INSERT INTO `user` VALUES ('263', 'NxgjLu7c', '3p2F09', '佟茹颜', '15725510854', '2', '武汉大学信息学部学生宿舍7舍', '信息学部');
INSERT INTO `user` VALUES ('264', 'Fd0hYMCL', 'u3dyMG', '郁秋茹', '13765737022', '2', '武汉大学医学部学生宿舍2舍', '工学部');
INSERT INTO `user` VALUES ('265', '3BDC9fMg', 'MV2Wlh', '柏萧阳', '15871521925', '2', '武汉大学医学部学生宿舍1舍', '信息学部');
INSERT INTO `user` VALUES ('266', 'nOQiZHo1', 'mK9q.p', '年石空', '15027423591', '2', '武汉大学文理学部学生宿舍12舍', '信息学部');
INSERT INTO `user` VALUES ('267', 'BeW7mt4g', 'NH0Ty8', '茹佟秋', '13831244956', '2', '武汉大学工学部学生宿舍7舍', '文理学部');
INSERT INTO `user` VALUES ('268', '6kQRrTB9', 'Lf_rgn', '秋奚空', '15863292345', '2', '武汉大学医学部学生宿舍2舍', '工学部');
